Accession,Species,Virus,Note,Host_agg,Human,Sequence,Binds
MT121216,Pangolin coronavirus,Pangolin coronavirus isolate MP789,,Pangolin,0,ITNLCPFGEVFNATTFASVYAWNRKRISNCVADYSVLYNSTSFSTFKCYGVSPTKLNDLCFTNVYADSFVVRGDEVRQIAPGQTGRIADYNYKLPDDFTGCVIAWNSNNLDSKVGGNYNYLYRLFRKSNLKPFERDISTEIYQAGSTPCNGVEGFNCYFPLQSYGFHPTNGVGYQPYRVVVLSFELLKAPATV,1.0
MT084071,Pangolin coronavirus,Pangolin coronavirus isolate MP789 genomic sequence,,Pangolin,0,ITNLCTFGEVFNATTFASVYAWNRKRISNCVADYSVLYNSTSFSTFKCYGVSPTKLNDLCFTNVYADSFVVRGDEVRQIAPGQTGRIADYNYKLPDDFTGCVIAWNSNNLDSKVGGNYNYLYRLFRKSNLKPFERDISTEIYQAGSTPCNGVEGFNCYFPLQSYGFHPTNGVGYQPYRVVVLSFELLXAPATV,1.0
MZ190137,Bat SARS-like coronavirus Khosta-1,Bat SARS-like coronavirus Khosta-1 strain BtCoV/Khosta-1/Rh/Russia/2020,,Bat,0,ITNLCPFGQVFNASTFPSVYAWGRMRISDCVADYSVLYNSTSSFSTFKCYGVSPTKLNDLCFSSVYADYFVVKGDDVRQIAPAQTGVIADYNYKLPDDFTGCVLAWNTKSIDKGQGFYYRLFRHGKIKPYERDTSNVPYNAQGGTCTDTSQLNCYQPLKSYDFTDTVGVGYQPYRVVVLSFELLNAPATV,1.0
LC556375,Severe acute respiratory syndrome-related coronavirus,Severe acute respiratory syndrome-related coronavirus Rc-o319 RNA,,Bat,0,ITNLCPFSEVFNATTFASVYAWNRKRISNCVADYSVLYNSTSFSTFQCYGVSSTKLNDLCFTNVYADSFVVRGDEVRQIAPGQTGVIADYNYKLPDDFTGCVLAWNSRNQDASTSGNFNYYYRIWRSEKLRPFERDIAHYDYQVGTQFKSSLKNYGFYSSAGDSHQPYRVVVLSFELLNAPATV,0.0
MG772934,Severe acute respiratory syndrome-related coronavirus,Bat SARS-like coronavirus isolate bat-SL-CoVZXC21,,Bat,0,FPSVYAWERTKISDCIADYTVFYNSTSFSTFKCYGVSPSKLIDLCFTSVYADTFLIRFSEVRQVAPGQTGVIADYNYKLPDDFTGCVIAWNTAKQDTGHYFYRSHRSTKLKPFERDLSSDENGVRTLSTYDFNPNVPLEYQATRVVVLSFELLNAPATVCGPKLSTQLVKNQCVN,0.0
MG772933,Severe acute respiratory syndrome-related coronavirus,Bat SARS-like coronavirus isolate bat-SL-CoVZC45,,Bat,0,FPSVYAWERTKISDCIADYTVFYNSTSFSTFKCYGVSPSKLIDLCFTSVYADTFLIRFSEVRQVAPGQTGVIADYNYKLPDDFTGCVIAWNTAKQDVGNYFYRSHRSTKLKPFERDLSSDENGVRTLSTYDFNPNVPLEYQATRVVVLSFELLNAPATVCGPKLSTQLVKNQCVN,0.0
MT782115,Severe acute respiratory syndrome-related coronavirus,Mutant Bat SARS coronavirus HKU3 isolate icHKU3-SRBD-MA,,Bat,0,ITNLCPFGEVFNATKFPSVYAWERKKISNCVADYSVLYNSTFFSTFKCYGVSATKLNDLCFSNVYADSFVVKGDDVRQIAPGQTGVIADYNYKLPDDFMGCVLAWNTRNIDATSTGNHNYKYRYLRHGKLRPFERDISNVPFSPDGKPCTPPALNCYWPLNDYGFYTTTGIGYQPYRVVVLSFELLNAPATV,0.0
MT782114,Severe acute respiratory syndrome-related coronavirus,Mutant Bat SARS coronavirus HKU3 isolate icHKU3-SRBD,,Bat,0,ITNLCPFGEVFNATKFPSVYAWERKKISNCVADYSVLYNSTFFSTFKCYGVSATKLNDLCFSNVYADSFVVKGDDVRQIAPGQTGVIADYNYKLPDDFMGCVLAWNTRNIDATSTGNYNYKYRYLRHGKLRPFERDISNVPFSPDGKPCTPPALNCYWPLNDYGFYTTTGIGYQPYRVVVLSFELLNAPATV,0.0
MT799524,Pangolin coronavirus,Pangolin coronavirus isolate cDNA18-S surface glycoprotein (S) gene,,Pangolin,0,ITNLCPFGEVFNATTFASVYAWNRKRISNCVADYSVLYNSTSFSTFKCYGVSPTKLNDLCFTNVYADSFVVRGDEVRQIAPGQTGRIADYNYKLPDDFTGCVIAWNSNNLDSKVGGNYNYLYRLFRKSNLKPFERDISTEIYQAGSTPCNGVEGFNCYFPLQSYGFHPTNGVGYQPYRVVVLSFELLNAPATV,1.0
MT799523,Pangolin coronavirus,Pangolin coronavirus isolate cDNA16-S surface glycoprotein (S) gene,,Pangolin,0,ITNLCPFGEVFNATTFASVYAWNRKRISNCVADYSVLYNSTSFSTFKCYGVSPTKLNDLCFTNVYADSFVVRGDEVRQIAPGQTGRIADYNYKLPDDFTGCVIAWNSNNLDSKVGGNYNYLYRLFRKSNLKPFERDISTEIYQAGSTPCNGVEGFNCYFPLQSYGFHPTNGVGYQPYRVVVLSFELLNAPATV,1.0
JX163926,Severe acute respiratory syndrome-related coronavirus,SARS coronavirus Tor2 isolate Tor2/FP1-10912,"note=""isolated from nasal turbinate of ferrets vaccinated on D0 and D28 with vehicle only, challenged with SARS Tor2  on D42; sample collected on D44",Ferret,0,ITNLCPFGEVFNATKFPSVYAWERKKISNCVADYSVLYNSTFFSTFKCYGVSATKLNDLCFSNVYADSFVVKGDDVRQIAPGQTGVIADYNYKLPDDFMGCVLAWNTRNIDATSTGNYNYKYRYLXHGKLRPFERDISNVPFSPDGKPCTPPALNCYWPLNDYGFYTTTGIGYQPYRVVVLSFELLNAPATV,1.0
MT072864,Pangolin coronavirus,Pangolin coronavirus isolate PCoV_GX-P2V,,Pangolin,0,ITNLCPFGEVFNASKFASVYAWNRKRISNCVADYSVLYNSTSFSTFKCYGVSPTKLNDLCFTNVYADSFVVKGDEVRQIAPGQTGVIADYNYKLPDDFTGCVIAWNSVKQDALTGGNYGYLYRLFRKSKLKPFERDISTEIYQAGSTPCNGQVGLNCYYPLERYGFHPTTGVNYQPFRVVVLSXELLNGPATV,1.0
MT040336,Pangolin coronavirus,Pangolin coronavirus isolate PCoV_GX-P5E,,Pangolin,0,ITNLCPFGEVFNASKFASVYAWNRKRISNCVADYSVLYNSTSFSTFKCYGVSPTKLNDLCFTNVYADSFVVKGDEVRQIAPGQTGVIADYNYKLPDDFTGCVIAWNSVKQDALTGDNYGYLYRLFRKSKLKPFERDISTEIYQAGSTPCNGQVGLNCYYPLERYGFHPTTGVNYQPFRVVVLSFELLNGPATV,1.0
MT040335,Pangolin coronavirus,Pangolin coronavirus isolate PCoV_GX-P5L,,Pangolin,0,ITNLCPFGEVFNASKFASVYAWNRKRISNCVADYSVLYNSTSFSTFKCYGVSPTKLNDLCFTNVYADSFVVKGDEVRQIAPGQTGVIADYNYKLPDDFTGCVIAWNSVKQDALTGGNYGYLYRLFRKSKLKPFERDISTEIYQAGSTPCNGQVGLNCYYPLERYGFHPTTGVNYQPFRVVVLSFELLNGPATV,1.0
MT040334,Pangolin coronavirus,Pangolin coronavirus isolate PCoV_GX-P1E,,Pangolin,0,ITNLCPFGEVFNASKFASVYAWNRKRISNCVADYSVLYNSTSFSTFKCYGVSPTKLNDLCFTNVYADSFVVKGDEVRQIAPGQTGVIADYNYKLPDDFTGCVIAWNSVKQDALTGGNYLYRLFRKSKLKPFERDISTEIYQAGSTPCNGQVGLNCYYPLERYGFHPTTGVNYQPFRVVVLSFELLNGPATV,1.0
MT040333,Pangolin coronavirus,Pangolin coronavirus isolate PCoV_GX-P4L,,Pangolin,0,ITNLCPFGEVFNASKFASVYAWNRKRISNCVADYSVLYNSTSFSTFKCYGVSPTKLNDLCFTNVYADSFVVKGDEVRQIAPGQTGVIADYNYKLPDDFTGCVIAWNSVKQDALTGGNYGYLYRLFRKSKLKPFERDISTEIYQAGSTPCNGQVGLNCYYPLERYGFHPTTGVNYQPFRVVVLSFELLNGPATV,1.0
KU973692,Severe acute respiratory syndrome-related coronavirus,UNVERIFIED: SARS-related coronavirus isolate F46,,Bat,0,ITNLCPFDAVFNATRFPSVYAWERVKISNCVADYTAFYNSTSFSTFKCYGVSPSKLIDLCFTSVYADTFLIRFSEVRQVAPGETGVIADYNYKLPDDFTGCVIAWNTAKQDVGSYFYRSHRSSKLKPFERDLSSDENGVRTLSTYDFNPNVPLDYQATRVVVLSFELLNAPATV,0.0
KF294457,Severe acute respiratory syndrome-related coronavirus,SARS-related bat coronavirus isolate Longquan-140 orf1ab polyprotein,,Bat,0,FPNVYAWERTKISDCVADYTVLYNSTSFSTFKCYGVSPSKLIDLCFTSVYADTFLIRSSEVRQVAPGETGVIADYNYKLPDDFTGCVIAWNTAKQDIGNYYYRSHRKTKLKPFERDLSSDDGNGVYTLSTYDFNPNVPVAYQATRVVVLSFELLNAPATVCGPKLSTQLVKNQCVN,0.0
KY352407,Severe acute respiratory syndrome-related coronavirus,Severe acute respiratory syndrome-related coronavirus strain BtKY72,,Bat,0,ITNLCPFGQVFNASNFPSVYAWERLRISDCVADYAVLYNSSSSFSTFKCYGVSPTKLNDLCFSSVYADYFVVKGDDVRQIAPAQTGVIADYNYKLPDDFTGCVLAWNTNSVDSKSGNNFYYRLFRHGKIKPYERDISNVLYNSAGGTCSSISQLGCYEPLKSYGFTPTVGVGYQPYRVVVLSFELLNAPATV,0.0
MK211378,Coronavirus BtRs-BetaCoV/YN2018D,Coronavirus BtRs-BetaCoV/YN2018D,,Bat,0,FPNVYAWERTKISDCVADYTVLYNSTSFSTFKCYGVSPSKLIDLCFTSVYADTFLIRSSEVRQVAPGETGVIADYNYKLPDDFTGCVIAWNTAKQDQGQYYYRSSRKTKLKPFERDLTSDENGVRTLSTYDFYPNVPIEYQATRVVVLSFELLNAPATVCGPKLSTGLVKNQCVN,0.0
MK211377,Coronavirus BtRs-BetaCoV/YN2018C,Coronavirus BtRs-BetaCoV/YN2018C,,Bat,0,FPSVYAWERTKISDCVADYTVLYNSTSFSTFKCYGVSPSKLIDLCFTSVYADTFLIRSSEVRQVAPGETGVIADYNYKLPDDFTGCVIAWNTAQQDKGQYYYRSSRKTKLKPFERDLSSDENGVRTLSTYDFYPTVPIEYQATRVVVLSFELLNAPATVCGPKLSTGLVKNQCVN,0.0
MK211376,Coronavirus BtRs-BetaCoV/YN2018B,Coronavirus BtRs-BetaCoV/YN2018B,,Bat,0,ITNLCPFGEVFNATTFPSVYAWERKRISNCVADYSVLYNSTSFSTFKCYGVSATKLNDLCFSNVYADSFVVKGDDVRQIAPGQTGVIADYNYKLPDDFMGCVLAWNTRNIDATSTGNYNYKYRSLRHGKLRPFERDISNVPFSPDGKPCTPPAFNCYWPLNDYGFFTTNGIGYQPYRVVVLSFELLNAPATV,1.0
MK211374,Coronavirus BtRl-BetaCoV/SC2018,Coronavirus BtRl-BetaCoV/SC2018,,Bat,0,FPSVYAWERIKISDCVADYTVLYNSTSFSTFKCYGVSPSKLIDLCFTSVYADTFLIRSSEVRQVAPGETGVIADYNYKLPDDFTGCVIAWNTAKQDTGSYYYRSHRKTKLKPFERDLSSDDGNGVYTLSTYDFNPNVPVAYQATRVVVLSFELLNAPATVCGPKLSTQLVKNQCVN,0.0
KY417152,Severe acute respiratory syndrome-related coronavirus,Bat SARS-like coronavirus isolate Rs9401,,Bat,0,ITNLCPFGEVFNATTFPSVYAWERKRISNCVADYSVLYNSTSFSTFKCYGVSATKLNDLCFSNVYADSFVVKGDDVRQIAPGQTGVIADYNYKLPDDFMGCVLAWNTRNIDATSTGNYNYKYRSLRHGKLRPFERDISNVPFSPDGKPCTPPAFNCYWPLNDYGFFTTNGIGYQPYRVVVLSFELLNAPATV,1.0
KY417151,Severe acute respiratory syndrome-related coronavirus,Bat SARS-like coronavirus isolate Rs7327,,Bat,0,ITNLCPFGEVFNATTFPSVYAWERKRISNCVADYSVLYNSTSFSTFKCYGVSATKLNDLCFSNVYADSFVVKGDDVRQIAPGQTGVIADYNYKLPDDFMGCVLAWNTRNIDATSTGNYNYKYRSLRHGKLRPFERDISNVPFSPDGKPCTPPAFNCYWPLNDYGFFTTNGIGYQPYRVVVLSFELLNAPATV,1.0
KY417150,Severe acute respiratory syndrome-related coronavirus,Bat SARS-like coronavirus isolate Rs4874,,Bat,0,ITNLCPFGEVFNATTFPSVYAWERKRISNCVADYSVLYNSTSFSTFKCYGVSATKLNDLCFSNVYADSFVVKGDDVRQIAPGQTGVIADYNYKLPDDFTGCVLAWNTRNIDATQTGNYNYKYRSLRHGKLRPFERDISNVPFSPDGKPCTPPAFNCYWPLNDYGFYITNGIGYQPYRVVVLSFELLNAPATV,1.0
KY417149,Severe acute respiratory syndrome-related coronavirus,Bat SARS-like coronavirus isolate Rs4255,,Bat,0,FPNVYAWERTKISDCVADYTVLYNSTSFSTFKCYGVSPSKLIDLCFTSVYADTFLIRSSEVRQVAPGETGVIADYNYKLPDDFTGCVIAWNTAKQDQGQYYYRSSRKTKLKPFERDLSSDENGVRTLSTYDFYPTVPIEYQATRVVVLSFELLNAPATVCGPKLSTGLVKNQCVN,0.0
KY417148,Severe acute respiratory syndrome-related coronavirus,Bat SARS-like coronavirus isolate Rs4247,,Bat,0,FPNVYAWERTKISDCVADYTVLYNSTSFSTFKCYGVSPSKLIDLCFTSVYADTFLIRSSEVRQVAPGETGVIADYNYKLPDDFTGCVIAWNTAKQDTGHYYYRSHRKTKLKPFERDLSSDDGNGVYTLSTYDFNPNVPVAYQATRVVVLSFELLNAPATVCGPKLSTQLVKNQCVN,0.0
KY417147,Severe acute respiratory syndrome-related coronavirus,Bat SARS-like coronavirus isolate Rs4237,,Bat,0,FPNVYAWERTKISDCVADYTVLYNSTSFSTFKCYGVSPSKLIDLCFTSVYADTFLIRSSEVRQVAPGETGVIADYNYKLPDDFTGCVIAWNTAKQDQGQYYYRSSRKTKLKPFERDLSSDENGVRTLSTYDFYPTVPIEYQATRVVVLSFELLNAPATVCGPKLSTGLVKNQCVN,0.0
KY417146,Severe acute respiratory syndrome-related coronavirus,Bat SARS-like coronavirus isolate Rs4231,,Bat,0,ITNLCPFGEVFNATTFPSVYAWERKRISNCVADYSVLYNSTSFSTFKCYGVSATKLNDLCFSNVYADSFVVKGDDVRQIAPGQTGVIADYNYKLPDDFLGCVLAWNTNSKDSSTSGNYNYLYRWVRRSKLNPYERDLSNDIYSPGGQSCSAIGPNCYNPLRPYGFFTTAGVGHQPYRVVVLSFELLNAPATV,1.0
KY417145,Severe acute respiratory syndrome-related coronavirus,Bat SARS-like coronavirus isolate Rf4092,,Bat,0,ITNLCPFDAVFNATRFPSVYAWERVKISNCVADYTAFYNSTSFSTFKCYGVSPSKLIDLCFTSVYADTFLIRFSEVRQVAPGETGVIADYNYKLPDDFTGCVIAWNTAKQDVGSYFYRSHRSSKLKPFERDLSSDENGVRTLSTYDFNPNVPLDYQATRVVVLSFELLNAPATV,0.0
KY417144,Severe acute respiratory syndrome-related coronavirus,Bat SARS-like coronavirus isolate Rs4084,,Bat,0,ITNLCPFGEVFNATTFPSVYAWERKRISNCVADYSILYNSTSFSTFKCYGVSATKLNDLCFSNVYADSFVVKGDDVRQIAPGQTGVIADYNYKLPDDFLGCVLAWNTNSKDSSTSGNYNYLYRWVRRSKLNPYERDLSNDIYSPGGQSCSAVGPNCYNPLRPYGFFTTAGVGHQPYRVVVLSFELLNAPATV,1.0
KY417143,Severe acute respiratory syndrome-related coronavirus,Bat SARS-like coronavirus isolate Rs4081,,Bat,0,FPNVYAWERTKISDCVADYTVLYNSTSFSTFKCYGVSPSKLIDLCFTSVYADTFLIRSSEVRQVAPGETGVIADYNYKLPDDFTGCVIAWNTAKQDQGQYYYRSSRKTKLKPFERDLTSDENGVRTLSTYDFYPNVPIEYQATRVVVLSFELLNAPATVCGPKLSTALVKNQCVN,0.0
KY417142,Severe acute respiratory syndrome-related coronavirus,Bat SARS-like coronavirus isolate As6526,,Bat,0,FPSVYAWERTKISDCVADYTVLYNSTSFSTFKCYGVSPSKLIDLCFTSVYADTFLIRSSEVRQVAPGETGVIADYNYKLPDDFTGCVIAWNTAQQDKGQYYYRSSRKTKLKPFERDLSSDENGVRTLSTYDFYPTVPIEYQATRVVVLSFELLNAPATVCGPKLSTGLVKNQCVN,0.0
KJ473816,Severe acute respiratory syndrome-related coronavirus,BtRs-BetaCoV/YN2013,,Bat,0,FPSVYAWERTKISDCVADYTVLYNSTLFSTFKCYGVSPSKLIDLCFTSVYADTFLIRFSEVRQVAPGETGVIADYNYRLPDDFTGCVIAWNTANQDVGSYFYRSHRSTKLKPFERDLSSDENGVRTLSTYDFNPNVPLDYQATRVVVLSFELLNAPATVCGPKLSTELVKNQCVN,0.0
KJ473815,Severe acute respiratory syndrome-related coronavirus,BtRs-BetaCoV/GX2013,,Bat,0,FPNVYAWERTKISDCVADYTVLYNSTSFSTFKCYGVSPSKLIDLCFTSVYADTFLIRSSEVRQVAPGETGVIADYNYKLPDDFTGCVIAWNTAKQDTGNYYYRSHRKTKLKPFERDLSSDDGNGVYTLSTYDFNPNVPVAYQATRVVVLSFELLNAPATVCGPKLSTQLVKNQCVN,0.0
KJ473814,Severe acute respiratory syndrome-related coronavirus,BtRs-BetaCoV/HuB2013,,Bat,0,FPSVYAWERTKISDCVADYTVLYNSTSFSTFKCYGVSPSKLIDLCFTSVYADTFLIRSSEVRQVAPGETGVIADYNYKLPDDFTGCVIAWNTAKQDTGYYYYRSHRKTKLKPFERDLSSDDGNGVYTLSTYDFNPNVPVAYQATRVVVLSFELLNAPATVCGPKLSTELVKNQCVN,0.0
KJ473813,Severe acute respiratory syndrome-related coronavirus,BtRf-BetaCoV/SX2013,,Bat,0,ITNLCPFDKVFNATRFPSVYAWERTKISDCVADYTVFYNSTSFSTFNCYGVSPSKLIDLCFTSVYADTFLIRFSEVRQVAPGQTGVIADYNYKLPDDFTGCVIAWNTAKQDVGSYFYRSHRSSKLKPFERDLSSEENGVRTLSTYDFNQYVPLEYQATRVVVLSFELLNAPATV,0.0
KJ473812,Severe acute respiratory syndrome-related coronavirus,BtRf-BetaCoV/HeB2013,,Bat,0,ITNLCPFDKVFNATRFPSVYAWERTKISDCVADYTVFYNSTSFSTFNCYGVSPSKLIDLCFTSVYADTFLIRFSEVRQVAPGQTGVIADYNYKLPDDFTGCVIAWNTAKQDVGSYFYRSHRSSKLKPFERDLSSEENGVRTLSTYDFNQYVPLEYQATRVVVLSFELLNAPATV,0.0
KJ473811,Severe acute respiratory syndrome-related coronavirus,BtRf-BetaCoV/JL2012,,Bat,0,FPSVYAWERTKISDCVADYTVFYNSTSFSTFNCYGVSPSKLIDLCFTSVYADTFLIRFSEVRQVAPGQTGVIADYNYKLPDDFIGCVIAWNTAKQDVGSYFYRSHRSSKLKPFERDLSSEENGVLTLSTYDFNQNVPLEYQATRVVVLSFELLNAPATVCGPKLSTPLVKNQCVN,0.0
JX993988,Severe acute respiratory syndrome-related coronavirus,Bat coronavirus Cp/Yunnan2011,,Bat,0,FPSVYAWERTKISDCVADYTVLYNSTSFSTFKCYGVSPSKLIDLCFTSVYADTFLIRFSEVRQIAPGETGVIADYNYKLPDEFTGCVIAWNTANQDRGQYYYRSSRKTKLKPFERDLSSDENGVRTLSTYDFYPSVPLEYQATRVVVLSFELLNAPATVCGPKLSTSLIKNQCVN,0.0
JX993987,Severe acute respiratory syndrome-related coronavirus,Bat coronavirus Rp/Shaanxi2011,,Bat,0,FPSVYAWERTKISDCVADYTVLYNSTSFSTFKCYGVSPSKLIDLCFTSVYADTFLIRSSEVRQVAPGETGVIADYNYKLPDDFTGCVIAWNTANQDQGQYYYRSSRKEKLKPFERDLSSDENGVYTLSTYDFYPSVPLDYQATRVVVLSFELLNAPATVCGPKLSTTLVKNQCVN,0.0
AH013709,Severe acute respiratory syndrome-related coronavirus,SARS coronavirus Sin_WNV,,Homo sapiens,1,ITNLCPFGEVFNATKFPSVYAWERKKISNCVADYSVLYNSTFFSTFKCYGVSATKLNDLCFSNVYADSFVVKGDDVRQIAPGQTGVIADYNYKLPDDFMGCVLAWNTRNIDATSTGNYNYKYRYLRHGKLRPFERDISNVPFSPDGKPCTPPALNCYWPLNDYGFYTTTGIGYQPYRVVVLSFELLNAPATV,1.0
AH013708,Severe acute respiratory syndrome-related coronavirus,SARS coronavirus Sin0409,,Homo sapiens,1,ITNLCPFGEVFNAIKFPSVYAWERKKISNCVADYSVLYNSTFFSTFKCYGVSATKLNDLCFSNVYADSFVVKGDDVRQIAPGQTGVIADYNYKLPDDFMGCVLAWNTRNIDATSTGNYNYKYRYLRHGKLRPFERDISNVPFSPDGKPCTPPALNCYWPLNDYGFYTTTGIGYQPYRVVVLSFELLNAPATV,1.0
AH012999,Severe acute respiratory syndrome-related coronavirus,SARS coronavirus Shanhgai LY polyprotein gene,,Homo sapiens,1,ITNLCPFGEVFNATKFPSVYAWERKKISNCVADYSVLYNSTFFSTFKCYGVSATKLNDLCFSNVYADSFVVKGDDVRQIAPGQTGVIADYNYKLPDDFMGCVLAWNTGNIDATSTGNYDYKYRYLRHGKLRPFERDISNVPFSPDGKPCTPPALNCYWPLNDYGFYTTTGIGYQPYRVVVLSFELLNAPATV,1.0
DQ084199,Severe acute respiratory syndrome-related coronavirus,bat SARS coronavirus HKU3-2,,Bat,0,FPNVYAWERTKISDCVADYTVLYNSTSFSTFKCYGVSPSKLIDLCFTSVYADTFLIRSSEVRQVAPGETGVIADYNYKLPDDFTGCVIAWNTAKHDTGNYYYRSHRKTKLKPFERDLSSDDGNGVYTLSTYDFNPNVPVAYQATRVVVLSFELLNAPATVCGPKLSTELVKNQCVN,0.0
KT444582,SARS-like coronavirus WIV16,SARS-like coronavirus WIV16,,Bat,0,ITNLCPFGEVFNATTFPSVYAWERKRISNCVADYSVLYNSTSFSTFKCYGVSATKLNDLCFSNVYADSFVVKGDDVRQIAPGQTGVIADYNYKLPDDFTGCVLAWNTRNIDATQTGNYNYKYRSLRHGKLRPFERDISNVPFSPDGKPCTPPAFNCYWPLNDYGFYITNGIGYQPYRVVVLSFELLNAPATV,1.0
KP886809,Severe acute respiratory syndrome-related coronavirus,Bat SARS-like coronavirus YNLF_34C,,Bat,0,ITNLCPFDKVFNATRFPSVYAWERTKISDCVADYTVFYNSTSFSTFNCYGVSPSKLIDLCFTSVYADTFLIRFSEVRQVAPGQTGVIADYNYKLPDDFTGCVIAWNTAKYDVGSYFYRSHRSSKLKPFERDLSSEENGARTLSTYDFNQNVPLEYQATRVVVLSFELLNAPATV,0.0
KP886808,Severe acute respiratory syndrome-related coronavirus,Bat SARS-like coronavirus YNLF_31C,,Bat,0,ITNLCPFDKVFNATRFPSVYAWERTKISDCVADYTVFYNSTSFSTFNCYGVSPSKLIDLCFTSVYADTFLIRFSEVRQVAPGQTGVIADYNYKLPDDFTGCVIAWNTAKYDVGSYFYRSHRSSKLKPFERDLSSEENGARTLSTYDFNQNVPLEYQATRVVVLSFELLNAPATV,0.0
KF514407,Severe acute respiratory syndrome-related coronavirus,SARS coronavirus ExoN1 strain SARS/VeroE6_lab/USA/ExoN1_c5.7P20/2010,VeroE6_lab,Homo sapiens,1,ITNLCPFGEVFNATKFPSVYAWERKKISNCVADYSVLYNSTFFSTFKCYGVSATKLNDLCFSNVYADSFVVKGDDVRQIAPGQTGVIADYNYKLPDDFMGCVLAWNTRNIDATSTGNYNYKYRSLRHGKLRPFERDISNVPFSPDGKPCTPPALNCYWPLNDYGFYTTTGIGYQPYRVVVLSFELLNAPATV,1.0
KF569997,Severe acute respiratory syndrome-related coronavirus,Rhinolophus affinis coronavirus isolate LYRa3 spike protein gene,,Bat,0,ITNLCPFGEVFNATTFPSVYAWERKRISNCVADYSVLYNSTSFSTFKCYGVSAIKLNDLCFSNVYADSFVVKGDDVRQIAPGQTGVIADYNYKLPDDFMGCVLAWNTRNIDATSSGNFHYKYRSLRHGKLRPFERDISNVPFSPDGKPCTPPAFNCYWPLNDYGFYTTNGIGYQPYRVVVLSFELLNAPATV,0.0
KF569996,Severe acute respiratory syndrome-related coronavirus,Rhinolophus affinis coronavirus isolate LYRa11,,Bat,0,ITNLCPFGEVFNATTFPSVYAWERKRISNCVADYSVLYNSTSFSTFKCYGVSAIKLNDLCFSNVYADSFVVKGDDVRQIAPGQTGVIADYNYKLPDDFMGCVLAWNTRNIDATSSGNFNYKYRSLRHGKLRPFERDISNVPFSPDGKPCTPPAFNCYWPLNDYGFYTTNGIGYQPYRVVVLSFELLNAPATV,1.0
KC881006,Severe acute respiratory syndrome-related coronavirus,Bat SARS-like coronavirus Rs3367,,Bat,0,ITNLCPFGEVFNATTFPSVYAWERKRISNCVADYSVLYNSTSFSTFKCYGVSATKLNDLCFSNVYADSFVVKGDDVRQIAPGQTGVIADYNYKLPDDFTGCVLAWNTRNIDATQTGNYNYKYRSLRHGKLRPFERDISNVPFSPDGKPCTPPAFNCYWPLNDYGFYITNGIGYQPYRVVVLSFELLNAPATV,1.0
JX162087,Severe acute respiratory syndrome-related coronavirus,SARS coronavirus ExoN1 isolate c5P10,Vero cells,Homo sapiens,1,ITNLCPFGEVFNATKFPSVYAWERKKISNCVADYSVLYNSTFFSTFKCYGVSATKLNDLCFSNVYADSFVVKGDDVRQIAPGQTGVIADYNYKLPDDFMGCVLAWNTRNIDATSTGNYNYKYRYLRHGKLRPFERDISNVPFSPDGKPCTPPALNCYWPLNDYGFYTTTGIGYQPYRVVVLSFELLNAPATV,1.0
AY572036,Severe acute respiratory syndrome-related coronavirus,SARS coronavirus civet014 spike glycoprotein gene,,Civet,0,ITNLCPFGEVFNATKFPSVYAWERKRISNCVADYSVLYNSTSFSTFKCYGVSATKLNDLCFSNVYADSFVVKGDDVRQIAPGQTGVIADYNYKLPDDFMGCVLAWNTRNIDATSTGNYNYKYRYLRHGKLRPFERDISNVPFSPDGKPCTPPAPNCYWPLKGYGFYTTSGIGYQPYRVVVLSFELLNAPATV,1.0
DQ412043,Severe acute respiratory syndrome-related coronavirus,Bat SARS coronavirus Rm1,,Bat,0,FPNVYAWERTKISDCVADYTVLYNSTSFSTFKCYGVSPSKLIDLCFTSVYADTFLIRSSEVRQVAPGETGVIADYNYKLPDDFTGCVIAWNTAQQDQGQYYYRSYRKEKLKPFERDLSSDENGVYTLSTYDFYPSIPVEYQATRVVVLSFELLNAPATVCGPKLSTQLVKNQCVN,0.0
DQ412042,Severe acute respiratory syndrome-related coronavirus,Bat SARS coronavirus Rf1,,Bat,0,ITNLCPFDKVFNATRFPSVYAWERTKISDCVADYTVFYNSTSFSTFNCYGVSPSKLIDLCFTSVYADTFLIRFSEVRQVAPGQTGVIADYNYKLPDDFTGCVIAWNTAKQDVGSYFYRSHRSSKLKPFERDLSSEENGVRTLSTYDFNQNVPLEYQATRVVVLSFELLNAPATV,0.0
AY485277,Severe acute respiratory syndrome-related coronavirus,SARS coronavirus Sino1-11,,Homo sapiens,1,ITNLCPFGEVFNATKFPSVYAWERKKISNCVADYSVLYNSTFFSTFKCYGVSATKLNDLCFSNVYADSFVVKGDDVRQIAPGQTGVIADYNYKLPDDFMGCVLAWNTRNIDATSTGNYNYKYRSLRHGKLRPFERDISNVPFSPDGKPCTPPALNCYWPLNDYGFYTTTGIGYQPYRVVVLSFELLNAPATV,1.0
FJ882960,Severe acute respiratory syndrome-related coronavirus,SARS coronavirus ExoN1 isolate P3pp34,"lab_host=""VeroE6 cells""",Homo sapiens,1,ITNLCPFGEVFNATKFPSVYAWERKKISNCVADYSVLYNSTFFSTFKCYGVSATKLNDLCFSNVYADSFVVKGDDVRQIAPGQTGVIADYNYKLPDDFMGCVLAWNTRNIDATSTGNYNYKYRYLRHGKLRPFERDISNVPFSPDGKPCTPPALNCYWPLNDYGFYTTTGIGYQPYRVVVLSFELLNAPATV,1.0
FJ882956,Severe acute respiratory syndrome-related coronavirus,SARS coronavirus ExoN1 isolate P3pp53,"lab_host=""VeroE6 cells""",Homo sapiens,1,ITNLCPFGEVFNATKFPSVYAWERKKISNCVADYSVLYNSTFFSTFKCYGVSATKLNDLCFSNVYADSFVVKGDDVRQIAPGQTGVIADYNYKLPDDFMGCVLAWNTRNIDATSTGNYNYKYRYLRHGKLRPFERDISNVPFSPDGKPCTPPALNCYWPLNDYGFYTTTGIGYQPYRVVVLSFELLNAPATV,1.0
FJ882950,Severe acute respiratory syndrome-related coronavirus,SARS coronavirus ExoN1 isolate P3pp60,"lab_host=""VeroE6 cells""",Homo sapiens,1,ITNLCPFGEVFNATKFPSVYAWERKKISNCVADYSVLYNSTFFSTFKCYGVSATKLNDLCFSNVYADSFVVKGDDVRQIAPGQTGVIADYNYKLPDDFMGCVLAWNTRNIDATSTGNYNYKYRYLRHGKLRPFERDISNVPFSPDGKPCTPPALNCYWPLNDYGFYTTTGIGYQPYRVVVLSFELLNAPATV,1.0
FJ882949,Severe acute respiratory syndrome-related coronavirus,SARS coronavirus wtic-MB isolate P3pp23,"lab_host=""VeroE6 cells""",Homo sapiens,1,ITNLCPFGEVFNATKFPSVYAWERKKISNCVADYSVLYNSTFFSTFKCYGVSATKLNDLCFSNVYADSFVVKGDDVRQIAPGQTGVIADYNYKLPDDFMGCVLAWNTRNIDATSTGNYNYKYRYLRHGKLRPFERDISNVPFSPDGKPCTPPALNCYWPLNDYGFYTTTGIGYQPYRVVVLSFELLNAPATV,1.0
FJ882944,Severe acute respiratory syndrome-related coronavirus,SARS coronavirus ExoN1 isolate P3pp23,"lab_host=""VeroE6 cells""",Homo sapiens,1,ITNLCPFGEVFNATKFPSVYAWERKKISNCVADYSVLYNSTFFSTFKCYGVSATKLNDLCFSNVYADSFVVKGDDVRQIAPGQTGVIADYNYKLPDDFMGCVLAWNTRNIDATSTGNYNYKYRYLRHGKLRPFERDISNVPFSPDGKPCTPPALNCYWPLNDYGFYTTTGIGYQPYRVVVLSFELLNAPATV,1.0
FJ882941,Severe acute respiratory syndrome-related coronavirus,SARS coronavirus ExoN1 isolate P3pp8,"lab_host=""VeroE6 cells""",Homo sapiens,1,ITNLCPFGEVFNATKFPSVYAWERKKISNCVADYSVLYNSTFFSTFKCYGVSATKLNDLCFSNVYADSFVVKGDDVRQIAPGQTGVIADYNYKLPDDFMGCVLAWNTRNIDATSTGNYNYKYRYLRHGKLRPFERDISNVPFSPDGKPCTPPALNCYWPLNDYGFYTTTGIGYQPYRVVVLSFELLNAPATV,1.0
FJ882940,Severe acute respiratory syndrome-related coronavirus,SARS coronavirus ExoN1 isolate P3pp37,"lab_host=""VeroE6 cells""",Homo sapiens,1,ITNLCPFGEVFNATKFPSVYAWERKKISNCVADYSVLYNSTFFSTFKCYGVSATKLNDLCFSNVYADSFVVKGDDVRQIAPGQTGVIADYNYKLPDDFMGCVLAWNTRNIDATSTGNYNYKYRYLRHGKLRPFERDISNVPFSPDGKPCTPPALNCYWPLNDYGFYTTTGIGYQPYRVVVLSFELLNAPATV,1.0
FJ882929,Severe acute respiratory syndrome-related coronavirus,SARS coronavirus ExoN1 isolate P3pp1,"lab_host=""VeroE6 cells""",Homo sapiens,1,ITNLCPFGEVFNATKFPSVYAWERKKISNCVADYSVLYNSTFFSTFKCYGVSATKLNDLCFSNVYADSFVVKGDDVRQIAPGQTGVIADYNYKLPDDFMGCVLAWNTRNIDATSTGNYNYKYRYLRHGKLRPFERDISNVPFSPDGKPCTPPALNCYWPLNDYGFYTTTGIGYQPYRVVVLSFELLNAPATV,1.0
GQ153548,Severe acute respiratory syndrome-related coronavirus,Bat SARS coronavirus HKU3-13,,Bat,0,FPNVYAWERTKISDCVADYTVLYNSTSFSTFKCYGVSPSKLIDLCFTSVYADTFLIRSSEVRQVAPGETGVIADYNYKLPDDFTGCVIAWNTAKHDTGNYYYRSHRKTKLKPFERDLSSDDGNGVYTLSTYDFNPNVPVAYQATRVVVLSFELLNAPATVCGPKLSTELVKNQCVN,0.0
GQ153547,Severe acute respiratory syndrome-related coronavirus,Bat SARS coronavirus HKU3-12,,Bat,0,FPNVYAWERTKISDCVADYTVLYNSTSFSTFKCYGVSPSKLIDLCFTSVYADTFLIRSSEVRQVAPGETGVIADYNYKLPDDFTGCVIAWNTAKHDTGNYYYRSHRKTKLKPFERDLSSDDGNGVYTLSTYDFNPNVPVAYQATRVVVLSFELLNAPATVCGPKLSTELVKNQCVN,0.0
GQ153543,Severe acute respiratory syndrome-related coronavirus,Bat SARS coronavirus HKU3-8,,Bat,0,FPSVYAWERTKISECVADYTVLYNSTSFSTFKCYGVSPSKLIDLCFTSVYADTFLIRSSEVRQVAPGETGVIADYNYKLPDDFTGCVIAWNTAKQDTGNYYYRSHRKTKLKPFERDLSSDDGNGVYTLSTYDFNPNVPVAYQATRVVVLSFELLNAPATVCGPKLSTQLVKNQCVN,0.0
GQ153542,Severe acute respiratory syndrome-related coronavirus,Bat SARS coronavirus HKU3-7,,Bat,0,FPSVYAWERTKISECVADYTVLYNSTSFSTFKCYGVSPSKLIDLCFTSVYADTFLIRSSEVRQVAPGETGVIADYNYKLPDDFTGCVIAWNTAKQDTGNYYYRSHRKTKLKPFERDLSSDDGNGVYTLSTYDFNPNVPVAYQATRVVVLSFELLNAPATVCGPKLSTQLVKNQCVN,0.0
FJ588686,Severe acute respiratory syndrome-related coronavirus,Bat SARS CoV Rs672/2006,,Bat,0,FPNVYAWERTKISDCVADYTVLYNSTSFSTFKCYGVSPSKLIDLCFTSVYADTFLIRSSEVRQVAPGETGVIADYNYKLPDDFTGCVIAWNTAKQDQGQYYYRSSRKTKLKPFERDLTSDENGVRTLSTYDFYPNVPIEYQATRVVVLSFELLNAPATVCGPKLSTGLVKNQCVN,0.0
DQ514532,Severe acute respiratory syndrome-related coronavirus,SARS coronavirus CS24 spike glycoprotein gene,,Civet,0,ITNLCPFGEVFNATKFPSVYAWERKKISNCVADYSVLYNSTFFSTFKCYGVSATKLNDLCFSNVYADSFVVKGDDVRQIAPGQTGVIADYNYKLPDDFMGCVLAWNTRNIDATSTGNYNYKYRYLRHGKLRPFERDISNVPFSPDGKPCTPPAPNCYWPLNDYGFYTTSGIGYQPYRVVVLSFELLNAPATV,1.0
DQ514531,Severe acute respiratory syndrome-related coronavirus,SARS coronavirus CS21 spike glycoprotein gene,,Civet,0,ITNLCPFGEVFNATKFPSVYAWERKKISNCVADYSVLYNSTFFSTFKCYGVSATKLNDLCFSNVYADSFVVKGDDVRQIAPGQTGVIADYNYKLPDDFMGCVLAWNTRNIDATSTGNYNYKYRYLRHGKLRPFERDISNVPFSPDGKPCTPPAPNCYWPLNGYGFYTTSGIGYQPYRVVVLSFELLNAPATV,1.0
DQ514530,Severe acute respiratory syndrome-related coronavirus,SARS coronavirus ES260 spike glycoprotein gene,,Civet,0,ITNLCPFGEVFNATKFPSVYAWERKRISNCVADYSVLYNSTSFSTFKCYGVSATKLNDLCFSNVYADSFVVKGDDVRQIAPGQTGVIADYNYKLPDDFMGCVLAWNTRNIDATSTGNYNYKYRYLRHGKLRPFERDISNVPFSPDGKPCTPPAPNCYWPLNGYGFYTTSGIGYQPYRVVVLSFELLNAPATV,1.0
DQ514529,Severe acute respiratory syndrome-related coronavirus,SARS coronavirus ES191 spike glycoprotein gene,,Civet,0,ITNLCPFGEVFNATKFPSVYAWERKRISNCVADYSVLYNSTFFSTFKCYGVSATKLNDLCFSNVYADSFVVKGDDVRQIAPGQTGVIADYNYKLPDDFMGCVLAWNTRNIDATSTGNYNYKYRYLRHGKLRPFERDISNVPFSPDGKPCTPPAPNCYWPLRGYGFYTTSGIGYQPYRVVVLSFELLNAPATV,1.0
DQ514528,Severe acute respiratory syndrome-related coronavirus,SARS coronavirus WF188 spike glycoprotein gene,,Civet,0,ITNLCPFGEVFNATKFPSVYAWERKRISNCVADYSVLYNSTFFSTFKCYGVSATKLNDLCFSNVYADSFVVKGDDVRQIAPGQTGVIADYNYKLPDDFMGCVLAWNTRNIDATSTGNYNYKYRYLRHGKLRPFERDISNVPFSPDGKPCTPPAPNCYWPLRGYGFYTTSGIGYQPYRVVVLSFELLNAPATV,1.0
DQ412628,Severe acute respiratory syndrome-related coronavirus,SARS coronavirus isolate CUHKtc53L spike glycoprotein (S) gene,,Homo sapiens,1,ITNLCPFGEVFNATKFPSVYAWERKKISNCVADYSVLYNSTFFSTFKCYGVSATKLNDLCFSNVYADSFVVKGDDVRQIAPGQTGVIADYNYKLPDDFMGCVLAWNTRNIDATSTGNYNYKYRYLRHGKLRPFERDISNVPFSPDGKPCTPPALNCYWPLNDYGFYTTTGIGYQPYRVVVLSFELLNAPATV,1.0
DQ412627,Severe acute respiratory syndrome-related coronavirus,SARS coronavirus isolate CUHKtc52TS nonfunctional spike glycoprotein (S) gene,"/note=""nonfunctional spike glycoprotein due to mutation""",Homo sapiens,1,ITNLCPFGEVFNATKFPSVYAWERKKVSNCVADYSVLYNSTFFSTFKCYGVSATKLNDLCFSNVYADSFVVKGDDVRQIAPGQTGVIADYNYKLPDDFMGCVLAWNTRNIDATSTGNYNYKYRYLRHGKLRPFERDISNVPFSPDGKPCTPPALNCYWPLNDYGFYTTTGIGYQPYRVVVLSFELLNAPATV,1.0
DQ412617,Severe acute respiratory syndrome-related coronavirus,SARS coronavirus isolate CUHKtc42NP spike glycoprotein (S) gene,,Homo sapiens,1,ITNLCPFGEVFNATKFPSVYAWERKKISNCVVDYSVLYNSTFFSTFKCYGVSATKLNDLCFSNVYADSFVVKGDDVRQIAPGQTGVIADYNYKLPDDFMGCVLAWNTRNIDATSTGNYNYKYRYLRHGKLRPFERDISNVPFSPDGKPCTPPALNCYWPLNDYGFYTTTGIGYQPYRVVVLSFELLNAPATV,1.0
DQ412609,Severe acute respiratory syndrome-related coronavirus,SARS coronavirus isolate CUHKtc32NP spike glycoprotein (S) gene,,Homo sapiens,1,ITNLCPFGEVFNATKFPSVYAWERKKISNCVADYSVLYNSTFFSTFKCYGVSATKLNDLCFSNVYADSFVVKGDDVRQIAPGQTGVIADYNYKLPDDFMGCVLAWNTRNIDATSTGNYNYKYRYLRHGKLRPFERDISNVPFSPDGKPCTPPALNCYWPLNDYGFYTTTGIGYQPYRVVVLSFELLNAPATV,1.0
DQ412606,Severe acute respiratory syndrome-related coronavirus,SARS coronavirus isolate CUHKtc29NP nonfunctional spike glycoprotein (S) gene,"/note=""nonfunctional spike glycoprotein due to mutation""",Homo sapiens,1,ITNLCPFGEVFNATKFPSVYAWERKKISNCVADYSVLYNSTFFSTFKCYGVSATKLNDLCFSNVYADSFVVKGDDVRQIAPGQTGVIADYNYKLPDDFMGCVLAWNTRNIDATSTGNYNYKYRYLRHGKLRPFERDISNVPFSPDGKPCTPPALNCYWPLNDYGFYTTTGIGYQPYRVVVLSFELLNAPATV,1.0
DQ412599,Severe acute respiratory syndrome-related coronavirus,SARS coronavirus isolate CUHKtc19NP nonfunctional spike glycoprotein (S) gene,"/note=""nonfunctional spike glycoprotein due to mutation""",Homo sapiens,1,ITNLCPFGEVFNATKFPSVYAWERKKISNCVADYSVLYNSTFFSTFKCYGVSATKLNDLCFSNVYADSFVVKGDDVRQIAPGQTGVIADYNYKLPDDFMGCVLAWNTRNIDATSTGNYKYKYRYLRHGKLRPFERDISNVPFSPDGKPCTPPALNCYWPLNDYGFYTTTGIGYQPYRVVVLSFELLNAPATV,1.0
DQ412596,Severe acute respiratory syndrome-related coronavirus,SARS coronavirus isolate CUHKtc14NP spike glycoprotein (S) gene,,Homo sapiens,1,ITNLCPFGEVFNATKFPSVYAWERKKISNCVADYSVLYNSTFFSTFKCYGVSATKLNDLCFSNVYADSFVVKGDDVRQIAPGQTGVIADYNYKLPDDFMGCVLAWNTRNIDATSTGNYNYKYRYLRHGKLRPFERDISNVPFSPDGKPCTPPALNCYWPLNDYGFYTTTGIGYQPYRVVVLSFELLNAPATV,1.0
DQ412594,Severe acute respiratory syndrome-related coronavirus,SARS coronavirus isolate CUHKtc10NP spike glycoprotein (S) gene,,Homo sapiens,1,ITNLCPFGEVFNATKFPSVYAWERKKISNCVADYSVLYNSTFFSTFKCYGVSATKLNDLCFSNVYADSFVVKGDDVRQIAPGQTGVIADYNYKLPDDFMGCVLAWNTRNIDATSTGNYNYKYRYLRHGKLRPFERDISNVPFSPDGKPCTPPALNCYWPLNDYGFYTTTGIGYQPYRVVVLSFELLNAPATV,1.0
DQ412588,Severe acute respiratory syndrome-related coronavirus,SARS coronavirus isolate CUHKtc04NP spike glycoprotein (S) gene,,Homo sapiens,1,ITNLCPFGEVFNATKFPSVYAWERKKISNCVADYSVLYNSTFFSTFKCYGVSATKLNDLCFSNVYADSFVVKGDDVRQIAPGQTGVIADYNYKLPDDFMGCVLAWNTRNIDATSTGNYNYKYRYLRHGKLRPFERDISNVPFSPDGKPCTPPALNCYWPLNDYGFYTTTGIGYQPYRVVVLSFELLNAPATV,1.0
DQ412578,Severe acute respiratory syndrome-related coronavirus,SARS coronavirus isolate CUHKcs52UR spike glycoprotein (S) gene,,Homo sapiens,1,ITNLCPFGEVFNATKFPSVYAWERKKISNCVADYSVLYNSTFFSTFKCYGVSATKLNDLCFSNVYADSFVVKGDDVRQIAPGQTGVIADYNYKLPDDFMGCVLAWNTRNIDATSTGNYNYKYRYLRHGKLRPFERDISNVPFSPNGKPCTPPALNCYWPLNDYGFYTTTGIGYQPYRVVVLSFELLNAPATV,1.0
DQ412575,Severe acute respiratory syndrome-related coronavirus,SARS coronavirus isolate CUHKcs04ST spike glycoprotein (S) gene,,Homo sapiens,1,ITNLCPFGEVFNATKFPSVYAWERKKISNCVADYSVLYNSTFFSTFKCYGVSATKLNDLCFSNVYVDSFVVKGDDVRQIAPGQTGVIADYNYKLPDDFMGCVLAWNTRNIDATSTGNYNYKYRYLRHGKLRPFERDISNVPFSPDGKPCTPPALNCYWPLNDYGFYTTTGIGYQPYRVVVLSFELLNAPATV,1.0
AY429079,Severe acute respiratory syndrome-related coronavirus,SARS coronavirus BJ302 clone 8 spike glycoprotein gene,,Homo sapiens,1,ITNLCPFGEVFNATKFPSVYAWERKKISNCVADYSVLYNSTFFSTFKCYGVSATKLNDLCFSNVYADSFVVKGDDVRQIAPGQTGVIADYNYKLPDDFMGCVLAWNTRNIDATSTGNYNYKYRYLRHGKLRPFERDISNVPFSPDGKPCTPPALNCYWPLSDYGFYTTTGIGYQPYRVVVLSFELLNAPATV,1.0
AY429077,Severe acute respiratory syndrome-related coronavirus,SARS coronavirus BJ302 clone 6 spike glycoprotein gene,,Homo sapiens,1,ITNLCPFGEVFNATKFPSVYAWERKKISNCVADYSVLYNSTFFSTFKCYGVSATKLNDLCFSNVYADSFVVKGDDVRQIAPGQTGVIADYNYKLPDDFMGCVLAWNTRNIDATSTGNYNYKYRYLRHGKLRPFERDISNVPFSPDGKPCTPPALNCYWPLSDYGFYTTTGIGYQPYRVVVLSFELLNAPATV,1.0
AY429076,Severe acute respiratory syndrome-related coronavirus,SARS coronavirus BJ302 clone 5 spike glycoprotein gene,,Homo sapiens,1,ITNLCPFGEVFNATKFPSVYAWERKKISNCVADYSVLYNSTFFSTFKCYGVSATKLNDLCFSNVYADSFVVKGDDVRQIAPGQTGVIADYNYKLPDDFMGCVLAWNTRNIDATSTGNYNYKYRYLRHGKLRPFERDISNVPFSPDGKPCTPPALNCYWPLSDYGFYTTTGIGYQPYRVVVLSFELLNAPATV,1.0
AY429075,Severe acute respiratory syndrome-related coronavirus,SARS coronavirus BJ302 clone 4 spike glycoprotein gene,,Homo sapiens,1,ITNLCPFGEVFNATKFPSVYAWERKKISNCVADYSVLYNSTFFSTFKCYGVSATKLNDLCFSNVYADSFVVKGDDVRQIAPGQTGVIADYNYKLPDDFMGCVLAWNTRNIDATSTGNYNYKYRYLRHGKLRPFERDISNVPFSPDGKPCTPPALNCYWPLSDYGFYTTTGIGYQPYRVVVLSFELLNAPATV,1.0
AY429074,Severe acute respiratory syndrome-related coronavirus,SARS coronavirus BJ302 clone 3 spike glycoprotein gene,,Homo sapiens,1,ITNLCPFGEVFNATKFPSVYAWERKKISNCVADYSVLYNSTFFSTFKCYGVSATKLNDLCFSNVYADSFVVKGDDVRQIAPGQTGVIADYNYKLPDDFMGCVLAWNTRNIDATSTGNYNYKYRYLRHGKLRPFERDISNVPFSPDGKPCTPPALNCYWPLSDYGFYTTTGIGYQPYRVVVLSFELLNAPATV,1.0
AY429073,Severe acute respiratory syndrome-related coronavirus,SARS coronavirus BJ302 clone 2 spike glycoprotein gene,,Homo sapiens,1,ITNLCPFGEVFNATKFPSVYAWERKKISNCVADYSVLYNSTFFSTFKCYGVSATKLNDLCFSNVYADSFVVKGDDVRQIAPGQTGVIADYNYKLPDDFMGCVLAWNTRNIDATSTGNYNYKYRYLRHGKLRPFERDISNVPFSPDGKPCTPPALNCYWPLSDYGFYTTTGIGYQPYRVVVLSFELLNAPATV,1.0
AY429072,Severe acute respiratory syndrome-related coronavirus,SARS coronavirus BJ302 clone 1 spike glycoprotein gene,,Homo sapiens,1,ITNLCPFGEVFNATKFPSVYAWERKKISNCVADYSVLYNSTFFSTFKCYGVSATKLNDLCFSNVYADSFVVKGDDVRQIAPGQTGVIADYNYKLPDDFMGCVLAWNTRNIDATSTGNYNYKYRYLRHGKLRPFERDISNVPFSPDGKPCTPPALNCYWPLNDYGFYTTTGIGYQPYRVVVLSFELLNAPATV,1.0
FJ959407,Severe acute respiratory syndrome-related coronavirus,SARS coronavirus isolate A001,,Civet,0,ITNLCPFGEVFNATKFPSVYAWERKRISNCVADYSVLYNSTSFSTFKCYGVSATKLNDLCFSNVYADSFVVKGDDVRQIAPGQTGVIADYNYKLPDDFMGCVLAWNTRNIDATSTGNYNYKHRYLRHGKLRPFERDISNVPFSPEGKPCTPPAPNCYWPLRGYGFYTTSGIGYQPYRVVVLSFELLNAPATV,1.0
AY278487,Severe acute respiratory syndrome-related coronavirus,SARS coronavirus BJ02,,Homo sapiens,1,ITNLCPFGEVFNATKFPSVYAWERKKISNCVADYSVLYNSTFFSTFKCYGVSATKLNDLCFSNVYADSFVVKGDDVRQIAPGQTGVIADYNYKLPDDFMGCVLAWNTRNIDATSTGNYNYKYRYLRHGKLRPFERDISNVPFSPDGKPCTPPALNCYWPLNDYGFYTTTGIGYQPYRVVVLSFELLNAPATV,1.0
DQ071615,Severe acute respiratory syndrome-related coronavirus,Bat SARS coronavirus Rp3,,Bat,0,FPNVYAWERTKISDCVADYTVLYNSTSFSTFKCYGVSPSKLIDLCFTSVYADTFLIRSSEVRQVAPGETGVIADYNYKLPDDFTGCVIAWNTAKQDQGQYYYRSHRKTKLKPFERDLSSDENGVRTLSTYDFYPSVPVAYQATRVVVLSFELLNAPATVCGPKLSTQLVKNQCVN,0.0
FJ882942,Severe acute respiratory syndrome-related coronavirus,SARS coronavirus MA15 ExoN1 isolate P3pp5,"lab_host=""VeroE6 cells""",Mouse,0,ITNLCPFGEVFNATKFPSVYAWERKKISNCVADYSVLYNSTFFSTFKCYGVSATKLNDLCFSNVYADSFVVKGDDVRQIAPGQTGVIADYNYKLPDDFMGCVLAWNTRNIDATSTGNHNYKYRYLRHGKLRPFERDISNVPFSPDGKPCTPPALNCYWPLNDYGFYTTTGIGYQPYRVVVLSFELLNAPATV,0.0
DQ648857,Severe acute respiratory syndrome-related coronavirus,Bat coronavirus (BtCoV/279/2005),,Bat,0,FPNVYAWERTKISDCVADYTVLYNSTSFSTFKCYGVSPSKLIDLCFTSVYADTFLIRSSEVRQVAPGETGVIADYNYKLPDDFTGCVIAWNTAQQDQGQYYYRSYRKEKLKPFERDLSSDENGVYTLSTYDFYPSIPVEYQATRVVVLSFELLNAPATVCGPKLSTQLVKNQCVN,0.0
DQ648856,Severe acute respiratory syndrome-related coronavirus,Bat coronavirus (BtCoV/273/2005),,Bat,0,ITNLCPFDKVFNATRFPSVYAWERTKISDCVADYTVFYNSTSFSTFNCYGVSPSKLIDLCFTSVYADTFLIRFSEVRQVAPGQTGVIADYNYKLPDDFTGCVIAWNTAKQDVGSYFYRSHRSSKLKPFERDLSSVEENGRTLSTYDFNQNVPLEYQATRVVVLSFELLNAPATV,0.0
AY687370,Severe acute respiratory syndrome-related coronavirus,SARS coronavirus C025 spike glycoprotein gene,"/isolation_source=""palm civets""",Civet,0,ITNLCPFGEVFNATKFPSVYAWERKRISNCVADYSVLYNSTSFSTFKCYGVSATKLNDLCFSNVYADSFVVKGDDVRQIAPGQTGVIADYNYKLPDDFMGCVLAWNTRNIDATSTGNYNYKYRYLRHGKLRPFERDISNVPFSPDGKPCTPPAPNCYWPLRGYGFYTTSGIGYQPYRVVVLSFELLNAPATV,1.0
AY687368,Severe acute respiratory syndrome-related coronavirus,SARS coronavirus C018 spike glycoprotein gene,"/isolation_source=""palm civets""",Civet,0,ITNLCPFGEVFNATKFPSVYAWERKRISNCVADYSVLYNSTSFSTFKCYGVSATKLNDLCFSNVYADSFVVKGDDVRQIAPGQTGVIADYNYKLPDDFMGCVLAWNTRNIDATSTGNYNYKYRYLRHGKLRPFERDISNVPFSPDGKPCTPPAPNCYWPLRGYGFYTTSGIGYQPYRVVVLSFELLNAPATV,1.0
AY687362,Severe acute respiratory syndrome-related coronavirus,SARS coronavirus B033 spike glycoprotein gene,"/isolation_source=""palm civets""",Civet,0,ITNLCPFGEVFNATKFPSVYAWERKRISNCVADYSVLYNSTSFSTFKCYGVSATKLNDLCFSNVYADSFVVKGDDVRQIAPGQTGVIADYNYKLPDDFMGCVLAWNTRNIDATSTGNYNYKHRYLRHGKLRPFERDISNVPFSPDGKPCTPPAPNCYWPLRGYGFYTTSGIGYQPYRVVVLSFELLNAPATV,1.0
AY687360,Severe acute respiratory syndrome-related coronavirus,SARS coronavirus B024 spike glycoprotein gene,"/isolation_source=""palm civets""",Civet,0,ITNLCPFGEVFNATKFPSVYAWERKRISNCVADYSVLYNSTSFSTFKCYGVSATKLNDLCFSNVYADSFVVKGDDVRQIAPGQTGVIADYNYKLPDDFMGCVLAWNTRNIDATSTGNYNYKYRYLRHGKLRPFERDISNVPFSPDGKPCTPPAPNCYWPLNGYGFYTTSGIGYQPYRVVVLSFELLNAPATV,1.0
AY687356,Severe acute respiratory syndrome-related coronavirus,SARS coronavirus A021 spike glycoprotein gene,"/isolation_source=""palm civets""",Civet,0,ITNLCPFGEVFNATKFPSVYAWERKRISNCVADYSVLYNSTSFSTFKCYGVSATKLNDLCFSNVYADSFVVKGDDVRQIAPGQTGVIADYNYKLPDDFMGCVLAWNTRNIDATSTGNYNYKYRYLRHGKLRPFERDISNVPFSPDGKPCTPPAPNCYWPLNGYGFYTTSGIGYQPYRVVVLSFELLNAPATV,1.0
AY627048,Severe acute respiratory syndrome-related coronavirus,SARS coronavirus PC4-241 spike glycoprotein gene,,Civet,0,ITNLCPFGEVFNATKFPSVYAWERKRISNCVADYSVLYNSTSFSTFKCYGVSATKLNDLCFSNVYADSFVVKGDDVRQIAPGQTGVIADYNYKLPDDFMGCVLAWNTRNIDATSTGNYNYKYRYLRHGKLRPFERDISNVPFSPDGKPCTPPAPNCYWPLNGYGFYTTSGIGYQPYRVVVLSFELLNAPATV,1.0
AY627047,Severe acute respiratory syndrome-related coronavirus,SARS coronavirus PC4-199 spike glycoprotein gene,,Civet,0,ITNLCPFGEVFNATKFPSVYAWERKRISNCVADYSVLYNSTSFSTFKCYGVSATKLNDLCFSNVYADSFVVKGDDVRQIAPGQTGVIADYNYKLPDDFMGCVLAWNTRNIDATSTGNYNYKYRYLRHGKLRPFERDISNVPFSPDGKPCTPPAPNCYWPLRGYGFYTTSGIGYQPYRVVVLSFELLNAPATV,1.0
AY627045,Severe acute respiratory syndrome-related coronavirus,SARS coronavirus PC4-137 spike glycoprotein gene,,Civet,0,ITNLCPFGEVFNATKFPSVYAWERKRISNCVADYSVLYNSTSFSTFKCYGVSATKLNDLCFSNVYADSFVVKGDDVRQIAPGQTGVIADYNYKLPDDFMGCVLAWNTRNIDATSTGNYNYKYRYLRHGKLRPFERDISNVPFSPDGKPCTPPAPNCYWPLKGYGFYTTSGIGYQPYRVVVLSFELLNAPATV,1.0
AY613953,Severe acute respiratory syndrome-related coronavirus,SARS coronavirus GZ0403 spike glycoprotein gene,"/isolation_source=""SARS patient 2003""",Homo sapiens,1,ITNLCPFGEVFNATKFPSVYAWERKRISNCVADYSVLYNSTSFSTLKCYGVSATKLNDLCXXXXXXXXXXXXXXXXXXXXXXXXXXXXXXXXXXXXXXXXXXXXXXXXXXXXXXXXXXXXXXXXXXXXXXXXXXXXXXXXXXXXXXXXXXXXXXXXXXXXXXXXXXXXXXIGYQPYRVVVLSFELLNAPATV,1.0
AY613952,Severe acute respiratory syndrome-related coronavirus,SARS coronavirus PC4-205 spike glycoprotein gene,,Civet,0,ITNLCPFGEVFNATKFPSVYAWERKRISNCVADYSVLYNSTSFSTFKCYGVSATKLNDLCFSNVYADSFVVKGDDVRQIAPGQTGVIADYNYKLPDDFMGCVLAWNTRNIDATSTGNYNYKYRYLRHGKLRPFERDISNVPFSPDGKPCTPPAPNCYWPLRGYGFYTTSGIGYQPYRVVVLSFELLNAPATV,1.0
AY714217,Severe acute respiratory syndrome-related coronavirus,SARS Coronavirus CDC#200301157,"/isolation_source=""sputum of SARS patient clinical specimen #809940""",Homo sapiens,1,ITNLCPFGEVFNATKFPSVYAWERKKISNCVADYSVLYNSTFFSTFKCYGVSATKLNDLCFSNVYADSFVVKGDDVRQIAPGQTGVIADYNYKLPDDFMGCVLAWNTRNIDATSTGNYNYKYRYLRHGKLRPFERDISNVPFSPDGKPCTPPALNCYWPLNDYGFYTTTGIGYQPYRVVVLSFELLNAPATV,1.0
AY654624,Severe acute respiratory syndrome-related coronavirus,SARS coronavirus TJF,,Homo sapiens,1,ITNLCPFGEVFNATKFPSVYAWERKKISNCVADYSVLYNSTFFSTFKCYGVSATKLNDLCFSNVYADSFVVKGDDVRQIAPGQTGVIADYNYKLPDDFMGCVLAWNTRNIDATSTGNYNYKYRYLRHGKLRPFERDISNVPFSPDGKPCTPPALNCYWPLNDYGFYTTTGIGYQPYRVVVLSFELLNAPATV,1.0
AY648300,Severe acute respiratory syndrome-related coronavirus,SARS coronavirus HHS-2004 spike protein (S) mRNA,,Homo sapiens,1,ITNLCPFGEVFNATKFPSVYAWERKKISNCVADYSVLYNSTFFSTFKCYGVSATKLNDLCFSNVYADSFVVKGDDVRQIAPGQTGVIADYNYKLPDDFMGCVLAWNTRNIDATSTGNYNYKYRYLKHGKLRPFERDISNVPFSPDGKPCTPPALNCYWPLNDYGFYTTTGIGYQPYRVVVLSFELLNAPATV,1.0
AY390556,Severe acute respiratory syndrome-related coronavirus,SARS coronavirus GZ02,,Homo sapiens,1,ITNLCPFGEVFNATKFPSVYAWERKRISNCVADYSVLYNSTFFSTFKCYGVSATKLNDLCFSNVYADSFVVKGDDVRQIAPGQTGVIADYNYKLPDDFMGCVLAWNTRNIDATSTGNYNYKYRYLRHGKLRPFERDISNVPFSPDGKPCTPPALNCYWPLNDYGFYTTTGIGYQPYRVVVLSFELLNAPATV,1.0
FJ882963,Severe acute respiratory syndrome-related coronavirus,SARS coronavirus P2,,Homo sapiens,1,ITNLCPFGEVFNATKFPSVYAWERKKISNCVADYSVLYNSTFFSTFKCYGVSATKLNDLCFSNVYADSFVVKGDDVRQIAPGQTGVIADYNYKLPDDFMGCVLAWNTRNIDATSTGNYNYKYRYLRHGKLRPFERDISNVPFSPDGKPCTPPALNCYWPLNDYGFYTTTGIGYQPYRVVVLSFELLNAPATV,1.0
AY772062,Severe acute respiratory syndrome-related coronavirus,SARS coronavirus WH20,,Homo sapiens,1,ITNLCPFGEVFNATKFPSVYAWERKKISNCVADYSVLYNSTFFSTFKCYGVSATKLNDLCFSNVYADSFVVKGDDVRQIAPGQTGVIADYNYKLPDDFMGCVLAWNTRNIDATSTGNYNYKYRYLRHGKLRPFERDISNVPFSPDGKPCTPPALNCYWPLNDYGFYTTTGIGYQPYRVVVLSFELLNAPATV,1.0
EU371564,Severe acute respiratory syndrome-related coronavirus,SARS coronavirus BJ182-12,,Homo sapiens,1,ITNLCPFGEVFNATKFPSVYAWERKKISNCVADYSVLYNSTFFSTFKCYGVSATKLNDLCFSNVYADSFVVKGDDVRQIAPGQTGVIADYNYKLPDDFMGCVLAWNTRNIDATSTGNYNYKYRYLRHGKLRPFERDISNVPFSPDGKPCTPPALNCYWPLNDYGFYTTTGIGYQPYRVVVLSFELLNAPATV,1.0
EU371563,Severe acute respiratory syndrome-related coronavirus,SARS coronavirus BJ182-8,,Homo sapiens,1,ITNLCPFGEVFNATKFPSVYAWERKKISNCVADYSVLYNSTFFSTFKCYGVSATKLNDLCFSNVYADSFVVKGDDVRQIAPGQTGVIADYNYKLPDDFMGCVLAWNTRNIDATSTGNYNYKYRYLRHGKLRPFERDISNVPFSPDGKPCTPPALNCYWPLNDYGFYTTTGIGYQPYRVVVLSFELLNAPATV,1.0
EU371562,Severe acute respiratory syndrome-related coronavirus,SARS coronavirus BJ182-4,,Homo sapiens,1,ITNLCPFGEVFNATKFPSVYAWERKKISNCVADYSVLYNSTFFSTFKCYGVSATKLNDLCFSNVYADSFVVKGDDVRQIAPGQTGVIADYNYKLPDDFMGCVLAWNTRNIDATSTGNYNYKYRYLRHGKLRPFERDISNVPFSPDGKPCTPPALNCYWPLNDYGFYTTTGIGYQPYRVVVLSFELLNAPATV,1.0
AB263618,Severe acute respiratory syndrome-related coronavirus,SARS coronavirus Frankfurt1-v01 S gene for spike glycoprotein,,Homo sapiens,1,ITNLCPFGEVFNATKFPSVYAWERKKISNCVADYSVLYNSTFFSTFKCYGVSATKLNDLCFSNVYADSFVVKGDDVRQIAPGQTGVIADYNYKLPDDFMGCVLAWNTRNIDATSTGNYNYKYRYLRHGKLRPFERDISNVPFSPDGKPCTPPALNCYWPLNDYGFYTTTGIGYQPYRVVVLSFELLNAPATV,1.0
DQ640652,Severe acute respiratory syndrome-related coronavirus,SARS coronavirus GDH-BJH01,,Homo sapiens,1,ITNLCPFGEVFNATKFPSVYAWERKKISNCVADYSVLYNSTFFSTFKCYGVSATKLNDLCFSNVYADSFVVKGDDVRQIAPGQTGVIADYNYKLPDDFMGCVLAWNTRNIDATSTGNYNYKYRYLRHGKLRPFERDISNVPFSPDGKPCTPPALNCYWPLNDYGFYTTTGIGYQPYRVVVLSFELLNAPATV,1.0
AY545919,Severe acute respiratory syndrome-related coronavirus,SARS coronavirus isolate CFB/SZ/94/03,"/note=""Chinese Ferret Badger (Melogale moschata)""",Ferret,0,ITNLCPFGEVFNATKFPSVYAWERKRISNCVADYSVLYNSTSFSTFKCYGVSATKLNDLCFSNVYADSFVVKGDDVRQIAPGQTGVIADYNYKLPDDFMGCVLAWNTRNIDATSTGNYNYKYRYLRHGKLRPFERDISNVPYSPDGKPCTPPAPNCYWPLRGYGFYTTSGIGYQPYRVVVLSFELLNAPATV,1.0
AY545915,Severe acute respiratory syndrome-related coronavirus,SARS coronavirus isolate HC/SZ/DM1/03,"/note=""Himalayan palm civets (Paguma larvata)""",Civet,0,ITNLCPFGEVFNATKFPSVYAWERKRISNCVADYSVLYNSTSFSTFKCYGVSATKLNDLCFSNVYADSFVVKGDDVRQIAPGQTGVIADYNYKLPDDFMGCVLAWNTRNIDATSTGNYNYKYRYLRHGKLRPFERDISNVPFSPDGKPCTPPAPNCYWPLNGYGFYTTSGIGYQPYRVVVLSFELLNAPATV,1.0
AY613948,Severe acute respiratory syndrome-related coronavirus,SARS coronavirus PC4-13,,Civet,0,ITNLCPFGEVFNATKFPPVYAWERKRISNCVADYSVLYNSTSFSTFKCYGVSATKLNDLCFSNVYADSFVVKGDDVRQIAPGQTGVIADYNYKLPDDFMGCVLAWNTRNIDATSTGNYNYKYRYLRHGKLRPFERDISNVPFSSDGKPCTPPAPNCYWPLRGYGFYTTSGIGYQPYRVVVLSFELLNAPATV,1.0
AY613947,Severe acute respiratory syndrome-related coronavirus,SARS coronavirus GZ0402,,Homo sapiens,1,ITNLCPFGEVFNATKFPSVYAWERKRISNCVADYSVLYNSTSFSTFKCYGVSATKLNDLCFSNVYADSFVVKGDDVRQIAPGQTGVIADYNYKLPDDFMGCVLAWNIRNIDATSTGNYNYKYRYLRHGKLRPFERDISNVPFSPDGKPCTPPAPNCYWPLNGYGFYTTSGIGYQPYRVVVLSFELLNAPATV,1.0
AY515512,Severe acute respiratory syndrome-related coronavirus,SARS coronavirus HC/SZ/61/03,"/host=""Paguma larvata (Himalayan palm civets)"". equivalent:Â SARS coronavirus SZ61. Taxonomy lists human",Civet,0,ITNLCPFGEVFNATKFPSVYAWERKRISNCVADYSVLYNSTSFSTFKCYGVSATKLNDLCFSNVYADSFVVKGDDVRQIAPGQTGVIADYNYKLPDDFMGCVLAWNTRNIDATSTGNYNYKYRYLRHGKLRPFERDISNVPFSPDGKPCTPPAPNCYWPLRGYGFYTTSGIGYQPYRVVVLSFELLNAPATV,1.0
AY559097,Severe acute respiratory syndrome-related coronavirus,SARS coronavirus Sin3408L,,Homo sapiens,1,ITNLCPFGEVFNATKFPSVYAWERKKISNCVADYFVLYNSTFFSTFKCYGVSATKLNDLCFSNVYADSFVVKGDDVRQIAPGQTGVIADYNYKLPDDFMGCVLAWNTRNIDATSTGNYNYKYRYLRHGKLRPFERDISNVPFSPDGKPCTPPALNCYWPLNDYGFYTTTGIGYQPYRVVVLSFELLNAPATV,1.0
AY559093,Severe acute respiratory syndrome-related coronavirus,SARS coronavirus Sin845,,Homo sapiens,1,ITNLCPFGEVFNATKFPSVYAWERKKISNCVADYFVLYNSTFFSTFKCYGVSATKLNDLCFSNVYADSFVVKGDDVRQIAPGQTGVIADYNYKLPDDFMGCVLAWNTRNIDATSTGNYNYKYRYLRHGKLRPFERDISNVPFSPDGKPCTPPALNCYWPLNDYGFYTTTGIGYQPYRVVVLSFELLNAPATV,1.0
AY559091,Severe acute respiratory syndrome-related coronavirus,SARS coronavirus SinP4,,Homo sapiens,1,ITNLCPFGEVFNATKFPSVYAWERKKISNCVADYSVLYNSTFFSTFKCYGVSATKLNDLCFSNVYADSFVVKGDDVRQIAPGQTGVIADYNYKLPDDFMGCVLAWNTRNIDATSTGNYNYKYRYLRHGKLRPFERDISNVPFSPDGKPCTPPALNCYWPLNDYGFYTTTGIGYQPYRVVVLSFELLNAPATV,1.0
AY394992,Severe acute respiratory syndrome-related coronavirus,SARS coronavirus HZS2-C,,Homo sapiens,1,ITNLCPFGEVFNATKFPSVYAWERKKISNCVADYSVLYNSTFFSTFKCYGVSATKLNDLCFSNVYADSFVVKGDDVRQIAPGQTGVIADYNYKLPDDFMGCVLAWNTRNIDATSTGNYNYKYRYLRHGKLRPFERDISNVPFSPDGKPCTPPALNCYWPLNDYGFYTTTGIGYQPYRVVVLSFELLNAPATV,1.0
AY394988,Severe acute respiratory syndrome-related coronavirus,SARS coronavirus JMD,,Homo sapiens,1,ITNLCPFGEVFNATKFPSVYAWERKRISNCVADYSVLYNSTFFSTFKCYGVSATKLNDLCFSNVYADSFVVKGDDVRQIAPGQTGVIADYNYKLPDDFMGCVLAWNTRNIDATSTGNYNYKYRYLRHGKLRPFERDISNVPFSPDGKPCTPPALNCYWPLNDYGFYTTTGIGYQPYRVVVLSFELLNAPATV,1.0
AY394979,Severe acute respiratory syndrome-related coronavirus,SARS coronavirus GZ-C,,Homo sapiens,1,ITNLCPFGEVFNATKFPSVYAWERKKISNCVADYSVLYNSTFFSTFKCYGVSATKLNDLCFSNVYADSFVVKGDDVRQIAPGQTGVIADYNYKLPDDFMGCVLAWNTRNIDATSTGNHNYKYRYLRHGKLRPFERDISNVPFSPDGKPCTPPALNCYWPLNDYGFYTTTGIGYQPYRVVVLSFELLNAPATV,1.0
AY394978,Severe acute respiratory syndrome-related coronavirus,SARS coronavirus GZ-B,,Homo sapiens,1,ITNLCPFGEVFNATKFPSVYAWERKKISNCVADYSVLYNSTFFSTFKCYGVSATKLNDLCFSNVYADSFVVKGDDVRQIAPGQTGVIADYNYKLPDDFMGCVLAWNTRNIDATSTGNYNYKYRYLRHGKLRPFERDISNVPFSPDGKPCTPPALNCYWPLNDYGFYTTTGIGYQPYRVVVLSFELLNAPATV,1.0
AY394977,Severe acute respiratory syndrome-related coronavirus,SARS coronavirus GZ-A,,Homo sapiens,1,ITNLCPFGEVFNATKFPSVYAWERKKISNCVADYSVLYNSTFFSTFKCYGVSATKLNDLCFSNVYADSFVVKGDDVRQIAPGQTGVIADYNYKLPDDFMGCVLAWNTRNIDATSTGNYNYKYRYLRHGKLRPFERDISNVPFSPDGKPCTPPALNCYWPLNDYGFYTTTGIGYQPYRVVVLSFELLNAPATV,1.0
AY304490,Severe acute respiratory syndrome-related coronavirus,SARS coronavirus GZ43,,Homo sapiens,1,ITNLCPFGEVFNATKFPSVYAWERKRISNCVADYSVLYNSTFFSTFKCYGVSATKLNDLCFSNVYADSFVVKGDDVRQIAPGQTGVIADYNYKLPDDFMGCVLAWNTRNIDATSTGNYNYKYRYLRHGKLRPFERDISNVPFSPDGKPCTPPALNCYWPLNDYGFYTTTGIGYQPYRVVVLSFELLNAPATV,1.0
AY304489,Severe acute respiratory syndrome-related coronavirus,SARS coronavirus SZ1,"Paper=""Himalayan palm civets""",Civet,0,ITNLCPFGEVFNATKFPSVYAWERKRISNCVADYSVLYNSTSFSTFKCYGVSATKLNDLCFSNVYADSFVVKGDDVRQIAPGQTGVIADYNYKLPDDFMGCVLAWNTRNIDATSTGNYNYKYRYLRHGKLRPFERDISNVPFSPDGKPCTPPALNCYWPLKDYGFYTTSGIGYQPYRVVVLSFELLNAPATV,1.0
AY278489,Severe acute respiratory syndrome-related coronavirus,SARS coronavirus GD01,,Homo sapiens,1,ITNLCPFGEVFNATKFPSVYAWERKRISNCVADYSVLYNSTFFSTFKCYGVSATKLNDLCFSNVYADSFVVKGDDVRQIAPGQTGVIADYNYKLPDDFMGCVLAWNTRNIDATSTGNYNYKYRYLRHGKLRPFERDISNVPFSPDGKPCTPPALNCYWPLNDYGFYTTTGIGYQPYRVVVLSYELLNAPATV,1.0
MN996532,Severe acute respiratory syndrome-related coronavirus,Bat coronavirus RaTG13,,Bat,0,ITNLCPFGEVFNATTFASVYAWNRKRISNCVADYSVLYNSTSFSTFKCYGVSPTKLNDLCFTNVYADSFVITGDEVRQIAPGQTGKIADYNYKLPDDFTGCVIAWNSKHIDAKEGGNFNYLYRLFRKANLKPFERDISTEIYQAGSKPCNGQTGLNCYYPLYRYGFYPTDGVGHQPYRVVVLSFELLNAPATV,1.0
MT799521,Pangolin coronavirus,Pangolin coronavirus isolate cDNA8-S surface glycoprotein (S) gene,,Pangolin,0,ITNLCPFGEVFNATTFASVYAWNRKRISNCVADYSVLYNSTSFSTFKCYGVSPTKLNDLCFTNVYADSFVVRGDEVRQIAPGQTGRIADYNYKLPDDFTGCVIAWNSNNLDSKVGGNYNYLYRLFRKSNLKPFERDISTEIYQAGSTPCNGVEGFNCYFPLQSYGFHPTNGVGYQPYRVVVLSFELLNAPATV,1.0
JX163927,Severe acute respiratory syndrome-related coronavirus,SARS coronavirus Tor2 isolate Tor2/FP1-10851,"note=""isolated from nasal turbinate of ferrets vaccinated on D0 and D28 with vehicle only, challenged with SARS Tor2  on D42; sample collected on D44",Ferret,0,ITNLCPFGEVFNATKFPSVYAWERKKISNCVADYSVLYNSTFFSTFKCYGVSATKLNDLCFSNVYADSFVVKGDDVRQIAPGQTGVIADYNYKLPDDFMGCVLAWNTRNIDATSTGNYNYKYRYLRHGKLRPFERDISNVPFSPDGKPCTPPALNCYWPLNDYGFYTTTGIGYQPYRVVVLSFELLNAPATV,1.0
AY274119,Severe acute respiratory syndrome-related coronavirus,SARS coronavirus Tor2,,Homo sapiens,1,ITNLCPFGEVFNATKFPSVYAWERKKISNCVADYSVLYNSTFFSTFKCYGVSATKLNDLCFSNVYADSFVVKGDDVRQIAPGQTGVIADYNYKLPDDFMGCVLAWNTRNIDATSTGNYNYKYRYLRHGKLRPFERDISNVPFSPDGKPCTPPALNCYWPLNDYGFYTTTGIGYQPYRVVVLSFELLNAPATV,1.0
NC_014470,Bat coronavirus BM48-31/BGR/2008,Bat coronavirus BM48-31/BGR/2008,,Bat,0,LCPFNEVFNITSFPSVYAWERMRITNCVADYSVLYNSSASFSTFQCYGVSPTKLNDLCFSSVYADYFVVKGDDVRQIAPAQTGVIADYNYKLPDDFTGCVIAWNTNSLDSSNEFFYRRFRHGKIKPYGRDLSNVLFNPSGGTCSAEGLNCYKPLASYGFTQSSGIGFQPYRVVVLSFELLNAPATVCGP,0.0
AY278741,Severe acute respiratory syndrome-related coronavirus,SARS coronavirus Urbani," /cell_line=""Vero""",Homo sapiens,1,ITNLCPFGEVFNATKFPSVYAWERKKISNCVADYSVLYNSTFFSTFKCYGVSATKLNDLCFSNVYADSFVVKGDDVRQIAPGQTGVIADYNYKLPDDFMGCVLAWNTRNIDATSTGNYNYKYRYLRHGKLRPFERDISNVPFSPDGKPCTPPALNCYWPLNDYGFYTTTGIGYQPYRVVVLSFELLNAPATV,1.0
DQ022305,Severe acute respiratory syndrome-related coronavirus,Bat SARS coronavirus HKU3-1,,Bat,0,FPNVYAWERTKISDCVADYTVLYNSTSFSTFKCYGVSPSKLIDLCFTSVYADTFLIRSSEVRQVAPGETGVIADYNYKLPDDFTGCVIAWNTAKHDTGNYYYRSHRKTKLKPFERDLSSDDGNGVYTLSTYDFNPNVPVAYQATRVVVLSFELLNAPATVCGPKLSTELVKNQCVN,0.0
HQ890538,Severe acute respiratory syndrome-related coronavirus,SARS coronavirus MA15 ExoN1 isolate d2om5,,Mouse,0,ITNLCPFGEVFNATKFPSVYAWERKKISNCVADYSVLYNSTFFSTFKCYGVSATKLNDLCFSNVYADSFVVKGDDVRQIAPGQTGVIADYNYKLPDDFMGCVLAWNTRNIDATSTGNHNYKYRYLRHGKLRPFERDISNVPFSPDGKPCTPPALNCYWPLNDYGFYTTTGIGYQPYRVVVLSFELLNAPATV,0.0
HQ890534,Severe acute respiratory syndrome-related coronavirus,SARS coronavirus MA15 ExoN1 isolate d2om1,,Mouse,0,ITNLCPFGEVFNATKFPSVYAWERKKISNCVADYSVLYNSTFFSTFKCYGVSATKLNDLCFSNVYADSFVVKGDDVRQIAPGQTGVIADYNYKLPDDFMGCVLAWNTRNIDATSTGNHNYKYRYLXHGKLRPFERDISNVPFSPDGKPCTPPALNCYWPLNDYGFYTTTGIGYQPYRVVVLSFELLNAPATV,0.0
KC881005,Severe acute respiratory syndrome-related coronavirus,Bat SARS-like coronavirus RsSHC014,,Bat,0,ITNLCPFGEVFNATTFPSVYAWERKRISNCVADYSVLYNSTSFSTFKCYGVSATKLNDLCFSNVYADSFVVKGDDVRQIAPGQTGVIADYNYKLPDDFLGCVLAWNTNSKDSSTSGNYNYLYRWVRRSKLNPYERDLSNDIYSPGGQSCSAVGPNCYNPLRPYGFFTTAGVGHQPYRVVVLSFELLNAPATV,1.0
KF367457,Severe acute respiratory syndrome-related coronavirus,Bat SARS-like coronavirus WIV1,,Bat,0,ITNLCPFGEVFNATTFPSVYAWERKRISNCVADYSVLYNSTSFSTFKCYGVSATKLNDLCFSNVYADSFVVKGDDVRQIAPGQTGVIADYNYKLPDDFTGCVLAWNTRNIDATQTGNYNYKYRSLRHGKLRPFERDISNVPFSPDGKPCTPPAFNCYWPLNDYGFYITNGIGYQPYRVVVLSFELLNAPATV,1.0
AY463059,Severe acute respiratory syndrome-related coronavirus,SARS coronavirus ShanghaiQXC1,,Homo sapiens,1,ITNLCPFGEVFNATKFPSVYAWERKKISNCVADYSVLYNSTFFSTFKCYGVSATKLNDLCFSNVYADSFVVKGDDVRQIAPGQTGVIADYNYKLPDDFMGCVLAWNTRNIDATSTGNYNYKYRYLRHGKLRPFERDISNVPFSPDGKPCTPPALNCYWPLNDYGFYTTTGIGYQPYRVVVLSFELLNAPATV,1.0
FJ882931,Severe acute respiratory syndrome-related coronavirus,SARS coronavirus ExoN1 isolate P3pp12,"lab_host=""VeroE6 cells""",Homo sapiens,1,ITNLCPFGEVFNATKFPSVYAWERKKISNCVADYSVLYNSTFFSTFKCYGVSATKLNDLCFSNVYADSFVVKGDDVRQIAPGQTGVIADYNYKLPDDFMGCVLAWNTRNIDATSTGNYNYKYRYLRHGKLRPFERDISNVPFSPDGKPCTPPALNCYWPLNDYGFYTTTGIGYQPYRVVVLSFELLNAPATV,1.0
GQ153544,Severe acute respiratory syndrome-related coronavirus,Bat SARS coronavirus HKU3-9,,Bat,0,FPNVYAWERTKISDCVADYTVLYNSTSFSTFKCYGVSPSKLIDLCFTSVYADTFLIRSSEVRQVAPGETGVIADYNYKLPDDFTGCVIAWNTAKHDTGNYYYRSHRKTKLKPFERDLSSDDGNGVYTLSTYDFNPNVPVAYQATRVVVLSFELLNAPATVCGPKLSTELVKNQCVN,0.0
AY310120,Severe acute respiratory syndrome-related coronavirus,SARS coronavirus FRA,"/isolation_source=""patient from Frankfurt, Germany""",Homo sapiens,1,ITNLCPFGEVFNATKFPSVYAWERKKISNCVADYSVLYNSTFFSTFKCYGVSATKLNDLCFSNVYADSFVVKGDDVRQIAPGQTGVIADYNYKLPDDFMGCVLAWNTRNIDATSTGNYNYKYRYLRHGKLRPFERDISNVPFSPDGKPCTPPALNCYWPLNDYGFYTTTGIGYQPYRVVVLSFELLNAPATV,1.0
DQ412623,Severe acute respiratory syndrome-related coronavirus,SARS coronavirus isolate CUHKtc48TS nonfunctional spike glycoprotein (S) gene,"/note=""nonfunctional spike glycoprotein due to mutation""",Homo sapiens,1,ITNLCPFGEVFNATKFPSVYAWERKKISNCVADYSVLYNSTFFSTFKCYGVSATKLNDLCFSNVYADSFVVKGDDVRQIAPGQTGVIADYNYKLPDDFMGCVLAWNTRNIDATSTGNYNYKYRYLRHGKLRPFERDISNVPFSPDGKPCTPPALNCYWPLNDYGFYTTTGIGYQPYRVVVLSFELLNAPATV,1.0
DQ412622,Severe acute respiratory syndrome-related coronavirus,SARS coronavirus isolate CUHKtc47NP nonfunctional spike glycoprotein (S) gene,"/note=""nonfunctional spike glycoprotein due to mutation""",Homo sapiens,1,ITNLCPFGEVFNATKFPSVYAWERKKISNCVADYSVLYNSTFFSTFKCYGVSATKLNDLCFSNVYADSFVVKGDDVRQIAPGQTGVIADYNYKLPDDFMGCVLAWNTRNIDATSTGNYNYKYRYLRHGKLRPFERDISNVPFSPDGKPCTPPALNCYWPLNDYGFYTTTGIGYQPYRVVVLSFELLNAPATV,1.0
DQ412619,Severe acute respiratory syndrome-related coronavirus,SARS coronavirus isolate CUHKtc44NP nonfunctional spike glycoprotein (S) gene,"/note=""nonfunctional spike glycoprotein due to mutation""",Homo sapiens,1,ITNLCPFGEVFNATKFPSVYAWERKKISNCVADYSVLYNSTFFSTFKCYGVSATKLNDLCFSNVYADSFVVKGDDVRQIAPGQTGVIADYNYKLPDDFMGCVLAWNTRNIDATSTGNYNYKYRYLRHGKLRPFERDISNVPFSPDGKPCTPPALNCYWPLNDYGFYTTTGIGYQPYRVVVLSFELLNAPATV,1.0
DQ412615,Severe acute respiratory syndrome-related coronavirus,SARS coronavirus isolate CUHKtc39TI spike glycoprotein (S) gene,,Homo sapiens,1,ITNLCPFGEVFNATKFPSVYAWERKKISNCVADYSVLYNSTFFSTFKCYGVSATKLNDLCFSNVYADSFVVKGDDVRQIAPGQTGVIADYNYKLPDDFMGCVLAWNTRNIDATSTGNYNYKYRYLRHGKLRPFERDISNVPFSPDGKPCTPPALNCYWPLNDYGFYTTTGIGYQPYRVVVLSFELLNAPATV,1.0
DQ412614,Severe acute respiratory syndrome-related coronavirus,SARS coronavirus isolate CUHKtc38NP spike glycoprotein (S) gene,,Homo sapiens,1,ITNLCPFGEVFNATKFPSVYAWERKKISNCVADYSVLYNSTFFSTFKCYGVSATKLNDLCFSNVYADSFVVKGDDVRQIAPGQTGVIADYNYKLPDDFMGCVLAWNTRNIDATSTGNYNYKYRYLRHGKLRPFERDISNVPFSPDGKPCTPPALNCYWPLNDYGFYTTTGIGYQPYRVVVLSFELLNAPATV,1.0
GU553363,Severe acute respiratory syndrome-related coronavirus,SARS coronavirus HKU-39849 isolate TCVSP-HARROD-00001,,Homo sapiens,1,ITNLCPFGEVFNATKFPSVYAWERKKISNCVADYSVLYNSTFFSTFKCYGVSATKLNDLCFSNVYADSFVVKGDDVRQIAPGQTGVIADYNYKLPDDFMGCVLAWNTRNIDATSTGNYNYKYRYLRHGKLRPFERDISNVPFSPDGKPCTPPALNCYWPLNDYGFYTTTGIGYQPYRVVVLSFELLNAPATV,1.0
AY572037,Severe acute respiratory syndrome-related coronavirus,SARS coronavirus civet019 spike glycoprotein gene,,Civet,0,ITNLCPFGEVFNATKFPSVYAWERKRISNCVADYSVLYNSTSFSTFKCYGVSATKLNDLCFSNVYADSFVVKGDDVRQIAPGQTGVIADYNYKLPDDFMGCVLAWNTRNIDATSTGNYNYKYRYLRHGKLRPFERDISNVPFSSDGKPCTPPAPNCYWPLRGYGFYTTSGIGYQPYRVVVLSFELLNAPATV,1.0
AY279354,Severe acute respiratory syndrome-related coronavirus,SARS coronavirus BJ04,,Homo sapiens,1,ITNLCPFGEVFNATKFPSVYAWERKKISNCVADYSVLYNSTFFSTFKCYGVSATKLNDLCFSNVYADSFVVKGDDVRQIAPGQTGVIADYNYKLPDDFMGCVLAWNTRNIDATSTGNYNYKYRYLRHGKLRPFERDISNVPFSPDGKPCTPPALNCYWPLNDYGFYTTTGIGYQPYRVVVLSFELLNAPATV,1.0
AY278490,Severe acute respiratory syndrome-related coronavirus,SARS coronavirus BJ03,,Homo sapiens,1,ITNLCPFGEVFNATKFPSVYAWERKKISNCVADYSVLYNSTFFSTFKCYGVSATKLNDLCFSNVYADSFVVKGDDVRQIAPGQTGVIADYNYKLPDDFMGCVLAWNTRNIDATSTGNYNYKYRYLRHGKLRPFERDISNVPFSPDGKPCTPPALNCYWPLNDYGFYTTTGIGYQPYRVVVLSFELLNAPATV,1.0
AY304488,Severe acute respiratory syndrome-related coronavirus,SARS coronavirus SZ16,,Civet,0,ITNLCPFGEVFNATKFPSVYAWERKRISNCVADYSVLYNSTSFSTFKCYGVSATKLNDLCFSNVYADSFVVKGDDVRQIAPGQTGVIADYNYKLPDDFMGCVLAWNTRNIDATSTGNYNYKYRYLRHGKLRPFERDISNVPFSPDGKPCTPPALNCYWPLKDYGFYTTSGIGYQPYRVVVLSFELLNAPATV,1.0
AY304486,Severe acute respiratory syndrome-related coronavirus,SARS coronavirus SZ3,,Civet,0,ITNLCPFGEVFNATKFPSVYAWERKRISNCVADYSVLYNSTSFSTFKCYGVSATKLNDLCFSNVYADSFVVKGDDVRQIAPGQTGVIADYNYKLPDDFMGCVLAWNTRNIDATSTGNYNYKYRYLRHGKLRPFERDISNVPFSPDGKPCTPPALNCYWPLKDYGFYTTSGIGYQPYRVVVLSFELLNAPATV,1.0
FJ882957,Severe acute respiratory syndrome-related coronavirus,SARS coronavirus MA15,"lab_host=""VeroE6 cells""",Mouse,0,ITNLCPFGEVFNATKFPSVYAWERKKISNCVADYSVLYNSTFFSTFKCYGVSATKLNDLCFSNVYADSFVVKGDDVRQIAPGQTGVIADYNYKLPDDFMGCVLAWNTRNIDATSTGNHNYKYRYLRHGKLRPFERDISNVPFSPDGKPCTPPALNCYWPLNDYGFYTTTGIGYQPYRVVVLSFELLNAPATV,0.0
FJ882951,Severe acute respiratory syndrome-related coronavirus,SARS coronavirus MA15 ExoN1 isolate P3pp3,"lab_host=""VeroE6 cells""",Mouse,0,ITNLCPFGEVFNATKFPSVYAWERKKISNCVADYSVLYNSTFFSTFKCYGVSATKLNDLCFSNVYADSFVVKGDDVRQIAPGQTGVIADYNYKLPDDFMGCVLAWNTRNIDATSTGNHNYKYRYLRHGKLRPFERDISNVPFSPDGKPCTPPALNCYWPLNDYGFYTTTGIGYQPYRVVVLSFELLNAPATV,0.0
AY687372,Severe acute respiratory syndrome-related coronavirus,SARS coronavirus C029 spike glycoprotein gene,"/isolation_source=""palm civets""",Civet,0,ITNLCPFGEVFNATKFPSVYAWERKRISNCVADYSVLYNSTSFSTFKCYGVSATKLNDLCFSNVYADSFVVKGDDVRQIAPGQTGVIADYNYKLPDDFMGCVLAWNTRNIDATSTGNYNYKYRYLRHGKLRPFERDISNVPFSPDGKPCTPPAPNCYWPLRGYGFYTTSGIGYQPYRVVVLSFELLNAPATV,1.0
AY687371,Severe acute respiratory syndrome-related coronavirus,SARS coronavirus C028 spike glycoprotein gene,"/isolation_source=""palm civets""",Civet,0,ITNLCPFGEVFNATKFPSVYAWERKRISNCVADYSVLYNSTSFSTFKCYGVSATKLNDLCFSNVYADSFVVKGDDVRQIAPGQTGVIADYNYKLPDDFMGCVLAWNTRNIDATSTGNYNYKYRYLRHGKLRPFERDISNVPFSPDGKPCTPPAPNCYWPLRGYGFYTTSGIGYQPYRVVVLSFELLNAPATV,1.0
AY687365,Severe acute respiratory syndrome-related coronavirus,SARS coronavirus C013 spike glycoprotein gene,"/isolation_source=""palm civets""",Civet,0,ITNLCPFGEVFNATKFPSVYAWERKRISNCVADYSVLYNSTSFSTFKCYGVSATKLNDLCFSNVYADSFVVKGDDVRQIAPGQTGVIADYNYKLPDDFMGCVLAWNTRNIDATSTGNYNYKFRYLRHGKLRPFERDISNVPFSPDGKPCTPPAPNCYWPLRGYGFYTTSGIGYQPYRVVVLSFELLNAPATV,1.0
AY687361,Severe acute respiratory syndrome-related coronavirus,SARS coronavirus B029 spike glycoprotein gene,"/isolation_source=""palm civets""",Civet,0,ITNLCPFGEVFNATKFPSVYAWERKRISNCVADYSVLYNSTSFSTFKCYGVSATKLNDLCFSNVYADSFVVKGDDVRQIAPGQTGVIADYNYKLPDDFMGCVLAWNTRNIDATSTGNYNYKYRYLRHGKLRPFERDISNVPFSSDGKPCTPPAPNCYWPLRGYGFYTTSGIGYQPYRVVVLSFELLNAPATV,1.0
AY687359,Severe acute respiratory syndrome-related coronavirus,SARS coronavirus B012 spike glycoprotein gene," /isolation_source=""palm civets""",Civet,0,ITNLCPFGEVFNATKFPSVYAWERKRISNCVADYSVLYNSTSFSTFKCYGVSATKLNDLCFSNVYADSFVVKGDDVRQIAPGQTGVIADYNYKLPDDFMGCVLAWNTRNIDATSTGNYNYKYRYLRHGKLRPFERDISNVPFSPDGKPCTPPAPNCYWPLNGYGFYTTSGIGYQPYRVVVLSFELLNAPATV,1.0
AY687355,Severe acute respiratory syndrome-related coronavirus,SARS coronavirus A013 spike glycoprotein gene,"/isolation_source=""palm civets""",Civet,0,ITNLCPFGEVFNATKFPSVYAWERKRISNCVADYSVLYNSTSFSTFKCYGVSATKLNDLCFSNVYADSFVVKGDDVRQIAPGQTGVIADYNYKLPDDFMGCVLAWNTRNIDATSTGNYNYKYRYLRHGKLRPFERDISNVPFSPDGKPCTPPAPNCYWPLRGYGFYTTSGIGYQPYRVVVLSFELLNAPATV,1.0
AY687354,Severe acute respiratory syndrome-related coronavirus,SARS coronavirus A001 spike glycoprotein gene,"/isolation_source=""palm civets""",Civet,0,ITNLCPFGEVFNATKFPSVYAWERKRISNCVADYSVLYNSTSFSTFKCYGVSATKLNDLCFSNVYADSFVVKGDDVRQIAPGQTGVIADYNYKLPDDFMGCVLAWNTRNIDATSTGNYNYKXRYLRHGKLRPFERDISNVPFSPXGKPCTPPAPNCYWPLRGYGFYTTSGIGYQPYRVVVLSFELLNAPATV,1.0
AY686863,Severe acute respiratory syndrome-related coronavirus,SARS coronavirus A022,,Civet,0,ITNLCPFGEVFNATKFPSVYAWERKRISNCVADYSVLYNSTSFSTFKCYGVSATKLNDLCFSNVYADSFVVKGDDVRQIAPGQTGVIADYNYKLPDDFMGCVLAWNTRNIDATSTGNYNYKYRYLRHGKLRPFERDISNVPFSSDGKPCTPPAPNCYWPLRGYGFYTTSGIGYQPYRVVVLSFELLNAPATV,1.0
AY572038,Severe acute respiratory syndrome-related coronavirus,SARS coronavirus civet020,,Civet,0,ITNLCPFGEVFNATKFPSVYAWERKRISNCVADYSVLYNSTSFSTFKCYGVSATKLNDLCFSNVYADSFVVKGDDVRQIAPGQTGVIADYNYKLPDDFMGCVLAWNTRNIDATSTGNYNYKYRYLRHGKLRPFERDISNVPFSPDGKPCTPPAPNCYWPLRGYGFYTTSGIGYQPYRVVVLSFELLNAPATV,1.0
AY572034,Severe acute respiratory syndrome-related coronavirus,SARS coronavirus civet007,,Civet,0,ITNLCPFGEVFNATKFPSVYAWERKRISNCVADYSVLYNSTSFSTFKCYGVSATKLNDLCFSNVYADSFVVKGDDVRQIAPGQTGVIADYNYKLPDDFMGCVLAWNTRNIDATSTGNYNYKYRYLRHGKLRPFERDISNVPFSSDGKPCTPPAPNCYWPLRGYGFYTTSGIGYQPYRVVVLSFELLNAPATV,1.0
AY525636,Severe acute respiratory syndrome-related coronavirus,SARS coronavirus GD03T0013 spike glycoprotein gene,"/isolation_source=""oropharyngeal swab of SARS patient""",Homo sapiens,1,ITNLCPFGEVFNATKFPSVYAWERKRISNCVADYSVLYNSTSFSTFKCYGVSATKLNDLCFSNVYADSFVVKGDDVRQIAPGQTGVIADYNYKLPDDFMGCVLAWNTRNIDATSTGNYNYKYRYLRHGKLRPFERDISNVPFSPDGKPCTPPAPNCYWPLNGYGFYTTSGIGYQPYRVVVLSFELLNAPATV,1.0
AY278554,Severe acute respiratory syndrome-related coronavirus,SARS coronavirus CUHK-W1,"/isolation_source=""patient with Severe Acute Respiratory Syndrome (SARS)""",Homo sapiens,1,ITNLCPFGEVFNATKFPSVYAWERKKISNCVADYSVLYNSTFFSTFKCYGVSATKLNDLCFSNVYADSFVVKGDDVRQIAPGQTGVIADYNYKLPDDFMGCVLAWNTRNIDATSTGNYNYKYRYLRHGKLRPFERDISNVPFSPDGKPCTPPALNCYWPLNDYGFYTTTGIGYQPYRVVVLSFELLNAPATV,1.0
EU371560,Severe acute respiratory syndrome-related coronavirus,SARS coronavirus BJ182a,,Homo sapiens,1,ITNLCPFGEVFNATKFPSVYAWERKKISNCVADYSVLYNSTFFSTFKCYGVSATKLNDLCFSNVYADSFVVKGDDVRQIAPGQTGVIADYNYKLPDDFMGCVLAWNTRNIDATSTGNYNYKYRYLRHGKLRPFERDISNVPFSPDGKPCTPPALNCYWPLNDYGFYTTTGIGYQPYRVVVLSFELLNAPATV,1.0
AB257344,Severe acute respiratory syndrome-related coronavirus,SARS coronavirus Frankfurt 1 genomic RNA,"/isolation_source=""SARS coronavirus persistenly infected Vero E6 cells""",Homo sapiens,1,ITNLCPFGEVFNATKFPSVYAWERKKISNCVADYSVLYNSTFFSTFKCYGVSATKLNDLCFSNVYADSFVVKGDDVRQIAPGQTGVIADYNYKLPDDFMGCVLAWNTRNIDATSTGNYNYKYRCLRHGKLRPFERDISNVPFSPDGKPCTPPAFNCYWPLNDYGFYTTTGIGYQPYRVVVLSFELLNAPATV,1.0
AY613950,Severe acute respiratory syndrome-related coronavirus,SARS coronavirus PC4-227,,Civet,0,ITNLCPFGEVFNATKFPSVYAWERKRISNCVADYSVLYNSTSFSTFKCYGVSATKLNDLCFSNVYADSFVVKGDDVRQIAPGQTGVIADYNYKLPDDFMGCVLAWNTRNIDATSTGNYNYKYRYLRHGKLRPFERDISNVPFSPDGKPCTPPAPNCYWPLNGYGFYTTSGIGYQPYRVVVLSFELLNAPATV,1.0
AY559081,Severe acute respiratory syndrome-related coronavirus,SARS coronavirus Sin842,,Homo sapiens,1,ITNLCPFGEVFNATKFPSVYAWERKKISNCVADYFVLYNSTFFSTFKCYGVSATKLNDLCFSNVYADSFVVKGDDVRQIAPGQTGVIADYNYKLPDDFMGCVLAWNTRNIDATSTGNYNYKYRYLRHGKLRPFERDISNVPFSPDGKPCTPPALNCYWPLNDYGFYTTTGIGYQPYRVVVLSFELLNAPATV,1.0
AY394999,Severe acute respiratory syndrome-related coronavirus,SARS coronavirus LC2,,Homo sapiens,1,ITNLCPFGEVFNATKFPSVYAWERKKISNCVADYSVLYNSTFFSTFKCYGVSATKLNDLCFSNVYADSFVVKGDDVRQIAPGQTGVIADYNYKLPDDFMGCVLAWNTRNIDATSTGNYNYKYRYLRHGKLRPFERDISNVPFSPDGKPCTPPALNCYWPLNDYGFYTTTGIGYQPYRVVVLSFELLNAPATV,1.0
AY394997,Severe acute respiratory syndrome-related coronavirus,SARS coronavirus ZS-A,,Homo sapiens,1,ITNLCPFGEVFNATKFPSVYAWERKRISNCVADYSVLYNSTFFSTFKCYGVSATKLNDLCFSNVYADSFVVKGDDVRQIAPGQTGVIADYNYKLPDDFMGCVLAWNTRNIDATSTGNYNYKYRYLRHGKLRPFERDISNVPFSPDGKPCTPPALNCYWPLNDYGFYTTTGIGYQPYRVVVLSFELLNAPATV,1.0
AY394987,Severe acute respiratory syndrome-related coronavirus,SARS coronavirus HZS2-Fb,,Homo sapiens,1,ITNLCPFGEVFNATKFPSVYAWERKKISNCVADYSVLYNSTFFSTFKCYGVSATKLNDLCFSNVYADSFVVKGDDVRQIAPGQTGVIADYNYKLPDDFMGCVLAWNTRNIDATSTGNYNYKYRYLRHGKLRPFERDISNVPFSPDGKPCTPPALNCYWPLNDYGFYTTTGIGYQPYRVVVLSFELLNAPATV,1.0
AY394986,Severe acute respiratory syndrome-related coronavirus,SARS coronavirus HSZ-Cb,,Homo sapiens,1,ITNLCPFGEVFNATKFPSVYAWERKKISNCVADYSVLYNSTFFSTFKCYGVSATKLNDLCFSNVYADSFVVKGDDVRQIAPGQTGVIADYNYKLPDDFMGCVLAWNTRNIDATSTGNYNYKYRYLRHGKLRPFERDISNVPFSPDGKPCTPPALNCYWPLNDYGFYTTTGIGYQPYRVVVLSFELLNAPATV,1.0
AY394985,Severe acute respiratory syndrome-related coronavirus,SARS coronavirus HSZ-Bb,,Homo sapiens,1,ITNLCPFGEVFNATKFPSVYAWERKKISNCVADYSVLYNSTFFSTFKCYGVSATKLNDLCFSNVYADSFVVKGDDVRQIAPGQTGVIADYNYKLPDDFMGCVLAWNTRNIDATSTGNYNYKYRYLRHGKLRPFERDISNVPFSPDGKPCTPPALNCYWPLNDYGFYTTTGIGYQPYRVVVLSFELLNAPATV,1.0
AY394981,Severe acute respiratory syndrome-related coronavirus,SARS coronavirus HGZ8L1-A,,Homo sapiens,1,ITNLCPFGEVFNATKFPSVYAWERKRISNCVADYSVLYNSTFFSTFKCYGVSATKLNDLCFSNVYADSFVVKGDDVRQIAPGQTGVIADYNYKLPDDFMGCVLAWNTRNIDATSTGNYNYKYRYLRHGKLRPFERDISNVPFSPDGKPCTPPALNCYWPLNDYGFYTTTGIGYQPYRVVVLSFELLNAPATV,1.0
AY304495,Severe acute respiratory syndrome-related coronavirus,SARS coronavirus GZ50,,Homo sapiens,1,ITNLCPFGEVFNATKFPSVYAWERKKISNCVADYSVLYNSTFFSTFKCYGVSATKLNDLCFSNVYADSFVVKGDDVRQIAPGQTGVIADYNYKLPDDFMGCVLAWNTRNIDATSTGNYNYKYRYLRHGKLRPFERDISNVPFSPDGKPCTPPALNCYWPLNDYGFYTTTGIGYQPYRVVVLSFELLNAPATV,1.0
AY304491,Severe acute respiratory syndrome-related coronavirus,SARS coronavirus GZ60,,Homo sapiens,1,ITNLCPFGEVFNATKFPSVYAWERKRISNCVADYSVLYNSTFFSTFKCYGVSATKLNDLCFSNVYADSFVVKGDDVRQIAPGQTGVIADYNYKLPDDFMGCVLAWNTRNIDATSTGNYNYKYRYLRHGKLRPFERDISNVPFSPDGKPCTPPALNCYWPLNDYGFYTTTGIGYQPYRVVVLSFELLNAPATV,1.0
