Accession,Sequence,Species,Host,Species_agg,Virus,Host_agg,Country,Human
MT121216,ITNLCPFGEVFNATTFASVYAWNRKRISNCVADYSVLYNSTSFSTFKCYGVSPTKLNDLCFTNVYADSFVVRGDEVRQIAPGQTGRIADYNYKLPDDFTGCVIAWNSNNLDSKVGGNYNYLYRLFRKSNLKPFERDISTEIYQAGSTPCNGVEGFNCYFPLQSYGFHPTNGVGYQPYRVVVLSFELLKAPATV,Pangolin coronavirus,Manis javanica,Sarbecovirus,Pangolin coronavirus isolate MP789,Pangolin,,1.0
MT084071,ITNLCTFGEVFNATTFASVYAWNRKRISNCVADYSVLYNSTSFSTFKCYGVSPTKLNDLCFTNVYADSFVVRGDEVRQIAPGQTGRIADYNYKLPDDFTGCVIAWNSNNLDSKVGGNYNYLYRLFRKSNLKPFERDISTEIYQAGSTPCNGVEGFNCYFPLQSYGFHPTNGVGYQPYRVVVLSFELLXAPATV,,,,,,,1.0
MZ190137,ITNLCPFGQVFNASTFPSVYAWGRMRISDCVADYSVLYNSTSSFSTFKCYGVSPTKLNDLCFSSVYADYFVVKGDDVRQIAPAQTGVIADYNYKLPDDFTGCVLAWNTKSIDKGQGFYYRLFRHGKIKPYERDTSNVPYNAQGGTCTDTSQLNCYQPLKSYDFTDTVGVGYQPYRVVVLSFELLNAPATV,Bat SARS-like coronavirus Khosta-1,Rhinolophus ferrumequinum,Sarbecovirus,Bat SARS-like coronavirus Khosta-1 strain BtCoV/Khosta-1/Rh/Russia/2020,Bat,,1.0
LC556375,ITNLCPFSEVFNATTFASVYAWNRKRISNCVADYSVLYNSTSFSTFQCYGVSSTKLNDLCFTNVYADSFVVRGDEVRQIAPGQTGVIADYNYKLPDDFTGCVLAWNSRNQDASTSGNFNYYYRIWRSEKLRPFERDIAHYDYQVGTQFKSSLKNYGFYSSAGDSHQPYRVVVLSFELLNAPATV,Severe acute respiratory syndrome-related coronavirus,Rhinolophus cornutus,Sarbecovirus,Severe acute respiratory syndrome-related coronavirus Rc-o319 RNA,Bat,,0.0
MG772934,FPSVYAWERTKISDCIADYTVFYNSTSFSTFKCYGVSPSKLIDLCFTSVYADTFLIRFSEVRQVAPGQTGVIADYNYKLPDDFTGCVIAWNTAKQDTGHYFYRSHRSTKLKPFERDLSSDENGVRTLSTYDFNPNVPLEYQATRVVVLSFELLNAPATVCGPKLSTQLVKNQCVN,Severe acute respiratory syndrome-related coronavirus,Rhinolophus pusillus,Sarbecovirus,Bat SARS-like coronavirus isolate bat-SL-CoVZXC21,Bat,,0.0
MG772933,FPSVYAWERTKISDCIADYTVFYNSTSFSTFKCYGVSPSKLIDLCFTSVYADTFLIRFSEVRQVAPGQTGVIADYNYKLPDDFTGCVIAWNTAKQDVGNYFYRSHRSTKLKPFERDLSSDENGVRTLSTYDFNPNVPLEYQATRVVVLSFELLNAPATVCGPKLSTQLVKNQCVN,Severe acute respiratory syndrome-related coronavirus,Rhinolophus pusillus,Sarbecovirus,Bat SARS-like coronavirus isolate bat-SL-CoVZC45,Bat,,0.0
MT782115,ITNLCPFGEVFNATKFPSVYAWERKKISNCVADYSVLYNSTFFSTFKCYGVSATKLNDLCFSNVYADSFVVKGDDVRQIAPGQTGVIADYNYKLPDDFMGCVLAWNTRNIDATSTGNHNYKYRYLRHGKLRPFERDISNVPFSPDGKPCTPPALNCYWPLNDYGFYTTTGIGYQPYRVVVLSFELLNAPATV,Severe acute respiratory syndrome-related coronavirus,Bat,Sarbecovirus,Mutant Bat SARS coronavirus HKU3 isolate icHKU3-SRBD-MA,Bat,,0.0
MT782114,ITNLCPFGEVFNATKFPSVYAWERKKISNCVADYSVLYNSTFFSTFKCYGVSATKLNDLCFSNVYADSFVVKGDDVRQIAPGQTGVIADYNYKLPDDFMGCVLAWNTRNIDATSTGNYNYKYRYLRHGKLRPFERDISNVPFSPDGKPCTPPALNCYWPLNDYGFYTTTGIGYQPYRVVVLSFELLNAPATV,Severe acute respiratory syndrome-related coronavirus,Bat,Sarbecovirus,Mutant Bat SARS coronavirus HKU3 isolate icHKU3-SRBD,Bat,,0.0
MT799524,ITNLCPFGEVFNATTFASVYAWNRKRISNCVADYSVLYNSTSFSTFKCYGVSPTKLNDLCFTNVYADSFVVRGDEVRQIAPGQTGRIADYNYKLPDDFTGCVIAWNSNNLDSKVGGNYNYLYRLFRKSNLKPFERDISTEIYQAGSTPCNGVEGFNCYFPLQSYGFHPTNGVGYQPYRVVVLSFELLNAPATV,Pangolin coronavirus,Manis javanica,Sarbecovirus,Pangolin coronavirus isolate cDNA18-S surface glycoprotein (S) gene,Pangolin,,1.0
MT799523,ITNLCPFGEVFNATTFASVYAWNRKRISNCVADYSVLYNSTSFSTFKCYGVSPTKLNDLCFTNVYADSFVVRGDEVRQIAPGQTGRIADYNYKLPDDFTGCVIAWNSNNLDSKVGGNYNYLYRLFRKSNLKPFERDISTEIYQAGSTPCNGVEGFNCYFPLQSYGFHPTNGVGYQPYRVVVLSFELLNAPATV,Pangolin coronavirus,Manis javanica,Sarbecovirus,Pangolin coronavirus isolate cDNA16-S surface glycoprotein (S) gene,Pangolin,,1.0
JX163926,ITNLCPFGEVFNATKFPSVYAWERKKISNCVADYSVLYNSTFFSTFKCYGVSATKLNDLCFSNVYADSFVVKGDDVRQIAPGQTGVIADYNYKLPDDFMGCVLAWNTRNIDATSTGNYNYKYRYLXHGKLRPFERDISNVPFSPDGKPCTPPALNCYWPLNDYGFYTTTGIGYQPYRVVVLSFELLNAPATV,Severe acute respiratory syndrome-related coronavirus,Ferret,Sarbecovirus,SARS coronavirus Tor2 isolate Tor2/FP1-10912,Minks,,1.0
MT072864,ITNLCPFGEVFNASKFASVYAWNRKRISNCVADYSVLYNSTSFSTFKCYGVSPTKLNDLCFTNVYADSFVVKGDEVRQIAPGQTGVIADYNYKLPDDFTGCVIAWNSVKQDALTGGNYGYLYRLFRKSKLKPFERDISTEIYQAGSTPCNGQVGLNCYYPLERYGFHPTTGVNYQPFRVVVLSXELLNGPATV,Pangolin coronavirus,Pholidota,Sarbecovirus,Pangolin coronavirus isolate PCoV_GX-P2V,Pangolin,,1.0
MT040336,ITNLCPFGEVFNASKFASVYAWNRKRISNCVADYSVLYNSTSFSTFKCYGVSPTKLNDLCFTNVYADSFVVKGDEVRQIAPGQTGVIADYNYKLPDDFTGCVIAWNSVKQDALTGDNYGYLYRLFRKSKLKPFERDISTEIYQAGSTPCNGQVGLNCYYPLERYGFHPTTGVNYQPFRVVVLSFELLNGPATV,Pangolin coronavirus,Manis javanica,Sarbecovirus,Pangolin coronavirus isolate PCoV_GX-P5E,Pangolin,,1.0
MT040335,ITNLCPFGEVFNASKFASVYAWNRKRISNCVADYSVLYNSTSFSTFKCYGVSPTKLNDLCFTNVYADSFVVKGDEVRQIAPGQTGVIADYNYKLPDDFTGCVIAWNSVKQDALTGGNYGYLYRLFRKSKLKPFERDISTEIYQAGSTPCNGQVGLNCYYPLERYGFHPTTGVNYQPFRVVVLSFELLNGPATV,Pangolin coronavirus,Manis javanica,Sarbecovirus,Pangolin coronavirus isolate PCoV_GX-P5L,Pangolin,,1.0
MT040334,ITNLCPFGEVFNASKFASVYAWNRKRISNCVADYSVLYNSTSFSTFKCYGVSPTKLNDLCFTNVYADSFVVKGDEVRQIAPGQTGVIADYNYKLPDDFTGCVIAWNSVKQDALTGGNYLYRLFRKSKLKPFERDISTEIYQAGSTPCNGQVGLNCYYPLERYGFHPTTGVNYQPFRVVVLSFELLNGPATV,Pangolin coronavirus,Manis javanica,Sarbecovirus,Pangolin coronavirus isolate PCoV_GX-P1E,Pangolin,,1.0
MT040333,ITNLCPFGEVFNASKFASVYAWNRKRISNCVADYSVLYNSTSFSTFKCYGVSPTKLNDLCFTNVYADSFVVKGDEVRQIAPGQTGVIADYNYKLPDDFTGCVIAWNSVKQDALTGGNYGYLYRLFRKSKLKPFERDISTEIYQAGSTPCNGQVGLNCYYPLERYGFHPTTGVNYQPFRVVVLSFELLNGPATV,Pangolin coronavirus,Manis javanica,Sarbecovirus,Pangolin coronavirus isolate PCoV_GX-P4L,Pangolin,,1.0
KU973692,ITNLCPFDAVFNATRFPSVYAWERVKISNCVADYTAFYNSTSFSTFKCYGVSPSKLIDLCFTSVYADTFLIRFSEVRQVAPGETGVIADYNYKLPDDFTGCVIAWNTAKQDVGSYFYRSHRSSKLKPFERDLSSDENGVRTLSTYDFNPNVPLDYQATRVVVLSFELLNAPATV,Severe acute respiratory syndrome-related coronavirus,Chiroptera,Sarbecovirus,UNVERIFIED: SARS-related coronavirus isolate F46,Bat,,0.0
KF294457,FPNVYAWERTKISDCVADYTVLYNSTSFSTFKCYGVSPSKLIDLCFTSVYADTFLIRSSEVRQVAPGETGVIADYNYKLPDDFTGCVIAWNTAKQDIGNYYYRSHRKTKLKPFERDLSSDDGNGVYTLSTYDFNPNVPVAYQATRVVVLSFELLNAPATVCGPKLSTQLVKNQCVN,Severe acute respiratory syndrome-related coronavirus,Rhinolophus monoceros,Sarbecovirus,SARS-related bat coronavirus isolate Longquan-140 orf1ab polyprotein,Bat,,0.0
KY352407,ITNLCPFGQVFNASNFPSVYAWERLRISDCVADYAVLYNSSSSFSTFKCYGVSPTKLNDLCFSSVYADYFVVKGDDVRQIAPAQTGVIADYNYKLPDDFTGCVLAWNTNSVDSKSGNNFYYRLFRHGKIKPYERDISNVLYNSAGGTCSSISQLGCYEPLKSYGFTPTVGVGYQPYRVVVLSFELLNAPATV,Severe acute respiratory syndrome-related coronavirus,Rhinolophus,Sarbecovirus,Severe acute respiratory syndrome-related coronavirus strain BtKY72,Bat,,0.0
MK211378,FPNVYAWERTKISDCVADYTVLYNSTSFSTFKCYGVSPSKLIDLCFTSVYADTFLIRSSEVRQVAPGETGVIADYNYKLPDDFTGCVIAWNTAKQDQGQYYYRSSRKTKLKPFERDLTSDENGVRTLSTYDFYPNVPIEYQATRVVVLSFELLNAPATVCGPKLSTGLVKNQCVN,Coronavirus BtRs-BetaCoV/YN2018D,Rhinolophus affinis,Sarbecovirus,Coronavirus BtRs-BetaCoV/YN2018D,Bat,,0.0
MK211377,FPSVYAWERTKISDCVADYTVLYNSTSFSTFKCYGVSPSKLIDLCFTSVYADTFLIRSSEVRQVAPGETGVIADYNYKLPDDFTGCVIAWNTAQQDKGQYYYRSSRKTKLKPFERDLSSDENGVRTLSTYDFYPTVPIEYQATRVVVLSFELLNAPATVCGPKLSTGLVKNQCVN,Coronavirus BtRs-BetaCoV/YN2018C,Rhinolophus affinis,Sarbecovirus,Coronavirus BtRs-BetaCoV/YN2018C,Bat,,0.0
MK211376,ITNLCPFGEVFNATTFPSVYAWERKRISNCVADYSVLYNSTSFSTFKCYGVSATKLNDLCFSNVYADSFVVKGDDVRQIAPGQTGVIADYNYKLPDDFMGCVLAWNTRNIDATSTGNYNYKYRSLRHGKLRPFERDISNVPFSPDGKPCTPPAFNCYWPLNDYGFFTTNGIGYQPYRVVVLSFELLNAPATV,Coronavirus BtRs-BetaCoV/YN2018B,Rhinolophus affinis,Sarbecovirus,Coronavirus BtRs-BetaCoV/YN2018B,Bat,,0.0
MK211374,FPSVYAWERIKISDCVADYTVLYNSTSFSTFKCYGVSPSKLIDLCFTSVYADTFLIRSSEVRQVAPGETGVIADYNYKLPDDFTGCVIAWNTAKQDTGSYYYRSHRKTKLKPFERDLSSDDGNGVYTLSTYDFNPNVPVAYQATRVVVLSFELLNAPATVCGPKLSTQLVKNQCVN,Coronavirus BtRl-BetaCoV/SC2018,Rhinolophus,Sarbecovirus,Coronavirus BtRl-BetaCoV/SC2018,Bat,,0.0
KY417152,ITNLCPFGEVFNATTFPSVYAWERKRISNCVADYSVLYNSTSFSTFKCYGVSATKLNDLCFSNVYADSFVVKGDDVRQIAPGQTGVIADYNYKLPDDFMGCVLAWNTRNIDATSTGNYNYKYRSLRHGKLRPFERDISNVPFSPDGKPCTPPAFNCYWPLNDYGFFTTNGIGYQPYRVVVLSFELLNAPATV,Severe acute respiratory syndrome-related coronavirus,Rhinolophus sinicus,Sarbecovirus,Bat SARS-like coronavirus isolate Rs9401,Bat,,0.0
KY417151,ITNLCPFGEVFNATTFPSVYAWERKRISNCVADYSVLYNSTSFSTFKCYGVSATKLNDLCFSNVYADSFVVKGDDVRQIAPGQTGVIADYNYKLPDDFMGCVLAWNTRNIDATSTGNYNYKYRSLRHGKLRPFERDISNVPFSPDGKPCTPPAFNCYWPLNDYGFFTTNGIGYQPYRVVVLSFELLNAPATV,Severe acute respiratory syndrome-related coronavirus,Rhinolophus sinicus,Sarbecovirus,Bat SARS-like coronavirus isolate Rs7327,Bat,,1.0
KY417150,ITNLCPFGEVFNATTFPSVYAWERKRISNCVADYSVLYNSTSFSTFKCYGVSATKLNDLCFSNVYADSFVVKGDDVRQIAPGQTGVIADYNYKLPDDFTGCVLAWNTRNIDATQTGNYNYKYRSLRHGKLRPFERDISNVPFSPDGKPCTPPAFNCYWPLNDYGFYITNGIGYQPYRVVVLSFELLNAPATV,Severe acute respiratory syndrome-related coronavirus,Rhinolophus sinicus,Sarbecovirus,Bat SARS-like coronavirus isolate Rs4874,Bat,,1.0
KY417149,FPNVYAWERTKISDCVADYTVLYNSTSFSTFKCYGVSPSKLIDLCFTSVYADTFLIRSSEVRQVAPGETGVIADYNYKLPDDFTGCVIAWNTAKQDQGQYYYRSSRKTKLKPFERDLSSDENGVRTLSTYDFYPTVPIEYQATRVVVLSFELLNAPATVCGPKLSTGLVKNQCVN,Severe acute respiratory syndrome-related coronavirus,Rhinolophus sinicus,Sarbecovirus,Bat SARS-like coronavirus isolate Rs4255,Bat,,0.0
KY417148,FPNVYAWERTKISDCVADYTVLYNSTSFSTFKCYGVSPSKLIDLCFTSVYADTFLIRSSEVRQVAPGETGVIADYNYKLPDDFTGCVIAWNTAKQDTGHYYYRSHRKTKLKPFERDLSSDDGNGVYTLSTYDFNPNVPVAYQATRVVVLSFELLNAPATVCGPKLSTQLVKNQCVN,Severe acute respiratory syndrome-related coronavirus,Rhinolophus sinicus,Sarbecovirus,Bat SARS-like coronavirus isolate Rs4247,Bat,,0.0
KY417147,FPNVYAWERTKISDCVADYTVLYNSTSFSTFKCYGVSPSKLIDLCFTSVYADTFLIRSSEVRQVAPGETGVIADYNYKLPDDFTGCVIAWNTAKQDQGQYYYRSSRKTKLKPFERDLSSDENGVRTLSTYDFYPTVPIEYQATRVVVLSFELLNAPATVCGPKLSTGLVKNQCVN,Severe acute respiratory syndrome-related coronavirus,Rhinolophus sinicus,Sarbecovirus,Bat SARS-like coronavirus isolate Rs4237,Bat,,0.0
KY417146,ITNLCPFGEVFNATTFPSVYAWERKRISNCVADYSVLYNSTSFSTFKCYGVSATKLNDLCFSNVYADSFVVKGDDVRQIAPGQTGVIADYNYKLPDDFLGCVLAWNTNSKDSSTSGNYNYLYRWVRRSKLNPYERDLSNDIYSPGGQSCSAIGPNCYNPLRPYGFFTTAGVGHQPYRVVVLSFELLNAPATV,Severe acute respiratory syndrome-related coronavirus,Rhinolophus sinicus,Sarbecovirus,Bat SARS-like coronavirus isolate Rs4231,Bat,,1.0
KY417145,ITNLCPFDAVFNATRFPSVYAWERVKISNCVADYTAFYNSTSFSTFKCYGVSPSKLIDLCFTSVYADTFLIRFSEVRQVAPGETGVIADYNYKLPDDFTGCVIAWNTAKQDVGSYFYRSHRSSKLKPFERDLSSDENGVRTLSTYDFNPNVPLDYQATRVVVLSFELLNAPATV,Severe acute respiratory syndrome-related coronavirus,Rhinolophus ferrumequinum,Sarbecovirus,Bat SARS-like coronavirus isolate Rf4092,Bat,,0.0
KY417144,ITNLCPFGEVFNATTFPSVYAWERKRISNCVADYSILYNSTSFSTFKCYGVSATKLNDLCFSNVYADSFVVKGDDVRQIAPGQTGVIADYNYKLPDDFLGCVLAWNTNSKDSSTSGNYNYLYRWVRRSKLNPYERDLSNDIYSPGGQSCSAVGPNCYNPLRPYGFFTTAGVGHQPYRVVVLSFELLNAPATV,Severe acute respiratory syndrome-related coronavirus,Rhinolophus sinicus,Sarbecovirus,Bat SARS-like coronavirus isolate Rs4084,Bat,,0.0
KY417143,FPNVYAWERTKISDCVADYTVLYNSTSFSTFKCYGVSPSKLIDLCFTSVYADTFLIRSSEVRQVAPGETGVIADYNYKLPDDFTGCVIAWNTAKQDQGQYYYRSSRKTKLKPFERDLTSDENGVRTLSTYDFYPNVPIEYQATRVVVLSFELLNAPATVCGPKLSTALVKNQCVN,Severe acute respiratory syndrome-related coronavirus,Rhinolophus sinicus,Sarbecovirus,Bat SARS-like coronavirus isolate Rs4081,Bat,,0.0
KY417142,FPSVYAWERTKISDCVADYTVLYNSTSFSTFKCYGVSPSKLIDLCFTSVYADTFLIRSSEVRQVAPGETGVIADYNYKLPDDFTGCVIAWNTAQQDKGQYYYRSSRKTKLKPFERDLSSDENGVRTLSTYDFYPTVPIEYQATRVVVLSFELLNAPATVCGPKLSTGLVKNQCVN,Severe acute respiratory syndrome-related coronavirus,Aselliscus stoliczkanus,Sarbecovirus,Bat SARS-like coronavirus isolate As6526,Bat,,0.0
KJ473816,FPSVYAWERTKISDCVADYTVLYNSTLFSTFKCYGVSPSKLIDLCFTSVYADTFLIRFSEVRQVAPGETGVIADYNYRLPDDFTGCVIAWNTANQDVGSYFYRSHRSTKLKPFERDLSSDENGVRTLSTYDFNPNVPLDYQATRVVVLSFELLNAPATVCGPKLSTELVKNQCVN,Severe acute respiratory syndrome-related coronavirus,Rhinolophus sinicus,Sarbecovirus,BtRs-BetaCoV/YN2013,Bat,,0.0
KJ473815,FPNVYAWERTKISDCVADYTVLYNSTSFSTFKCYGVSPSKLIDLCFTSVYADTFLIRSSEVRQVAPGETGVIADYNYKLPDDFTGCVIAWNTAKQDTGNYYYRSHRKTKLKPFERDLSSDDGNGVYTLSTYDFNPNVPVAYQATRVVVLSFELLNAPATVCGPKLSTQLVKNQCVN,Severe acute respiratory syndrome-related coronavirus,Rhinolophus sinicus,Sarbecovirus,BtRs-BetaCoV/GX2013,Bat,,0.0
KJ473814,FPSVYAWERTKISDCVADYTVLYNSTSFSTFKCYGVSPSKLIDLCFTSVYADTFLIRSSEVRQVAPGETGVIADYNYKLPDDFTGCVIAWNTAKQDTGYYYYRSHRKTKLKPFERDLSSDDGNGVYTLSTYDFNPNVPVAYQATRVVVLSFELLNAPATVCGPKLSTELVKNQCVN,Severe acute respiratory syndrome-related coronavirus,Rhinolophus sinicus,Sarbecovirus,BtRs-BetaCoV/HuB2013,Bat,,0.0
KJ473813,ITNLCPFDKVFNATRFPSVYAWERTKISDCVADYTVFYNSTSFSTFNCYGVSPSKLIDLCFTSVYADTFLIRFSEVRQVAPGQTGVIADYNYKLPDDFTGCVIAWNTAKQDVGSYFYRSHRSSKLKPFERDLSSEENGVRTLSTYDFNQYVPLEYQATRVVVLSFELLNAPATV,Severe acute respiratory syndrome-related coronavirus,Rhinolophus ferrumequinum,Sarbecovirus,BtRf-BetaCoV/SX2013,Bat,,0.0
KJ473812,ITNLCPFDKVFNATRFPSVYAWERTKISDCVADYTVFYNSTSFSTFNCYGVSPSKLIDLCFTSVYADTFLIRFSEVRQVAPGQTGVIADYNYKLPDDFTGCVIAWNTAKQDVGSYFYRSHRSSKLKPFERDLSSEENGVRTLSTYDFNQYVPLEYQATRVVVLSFELLNAPATV,Severe acute respiratory syndrome-related coronavirus,Rhinolophus ferrumequinum,Sarbecovirus,BtRf-BetaCoV/HeB2013,Bat,,0.0
KJ473811,FPSVYAWERTKISDCVADYTVFYNSTSFSTFNCYGVSPSKLIDLCFTSVYADTFLIRFSEVRQVAPGQTGVIADYNYKLPDDFIGCVIAWNTAKQDVGSYFYRSHRSSKLKPFERDLSSEENGVLTLSTYDFNQNVPLEYQATRVVVLSFELLNAPATVCGPKLSTPLVKNQCVN,Severe acute respiratory syndrome-related coronavirus,Rhinolophus ferrumequinum,Sarbecovirus,BtRf-BetaCoV/JL2012,Bat,,0.0
JX993988,FPSVYAWERTKISDCVADYTVLYNSTSFSTFKCYGVSPSKLIDLCFTSVYADTFLIRFSEVRQIAPGETGVIADYNYKLPDEFTGCVIAWNTANQDRGQYYYRSSRKTKLKPFERDLSSDENGVRTLSTYDFYPSVPLEYQATRVVVLSFELLNAPATVCGPKLSTSLIKNQCVN,Severe acute respiratory syndrome-related coronavirus,Chaerephon plicatus,Sarbecovirus,Bat coronavirus Cp/Yunnan2011,Bat,,0.0
JX993987,FPSVYAWERTKISDCVADYTVLYNSTSFSTFKCYGVSPSKLIDLCFTSVYADTFLIRSSEVRQVAPGETGVIADYNYKLPDDFTGCVIAWNTANQDQGQYYYRSSRKEKLKPFERDLSSDENGVYTLSTYDFYPSVPLDYQATRVVVLSFELLNAPATVCGPKLSTTLVKNQCVN,Severe acute respiratory syndrome-related coronavirus,Rhinolophus pusillus,Sarbecovirus,Bat coronavirus Rp/Shaanxi2011,Bat,,0.0
AH013709,ITNLCPFGEVFNATKFPSVYAWERKKISNCVADYSVLYNSTFFSTFKCYGVSATKLNDLCFSNVYADSFVVKGDDVRQIAPGQTGVIADYNYKLPDDFMGCVLAWNTRNIDATSTGNYNYKYRYLRHGKLRPFERDISNVPFSPDGKPCTPPALNCYWPLNDYGFYTTTGIGYQPYRVVVLSFELLNAPATV,Severe acute respiratory syndrome-related coronavirus,Homo sapiens,SARS-CoV-1,SARS coronavirus Sin_WNV,Homo sapiens,,1.0
AH013708,ITNLCPFGEVFNAIKFPSVYAWERKKISNCVADYSVLYNSTFFSTFKCYGVSATKLNDLCFSNVYADSFVVKGDDVRQIAPGQTGVIADYNYKLPDDFMGCVLAWNTRNIDATSTGNYNYKYRYLRHGKLRPFERDISNVPFSPDGKPCTPPALNCYWPLNDYGFYTTTGIGYQPYRVVVLSFELLNAPATV,Severe acute respiratory syndrome-related coronavirus,Homo sapiens,SARS-CoV-1,SARS coronavirus Sin0409,Homo sapiens,,1.0
AH012999,ITNLCPFGEVFNATKFPSVYAWERKKISNCVADYSVLYNSTFFSTFKCYGVSATKLNDLCFSNVYADSFVVKGDDVRQIAPGQTGVIADYNYKLPDDFMGCVLAWNTGNIDATSTGNYDYKYRYLRHGKLRPFERDISNVPFSPDGKPCTPPALNCYWPLNDYGFYTTTGIGYQPYRVVVLSFELLNAPATV,Severe acute respiratory syndrome-related coronavirus,Homo sapiens,SARS-CoV-1,SARS coronavirus Shanhgai LY polyprotein gene,Homo sapiens,,1.0
DQ084199,FPNVYAWERTKISDCVADYTVLYNSTSFSTFKCYGVSPSKLIDLCFTSVYADTFLIRSSEVRQVAPGETGVIADYNYKLPDDFTGCVIAWNTAKHDTGNYYYRSHRKTKLKPFERDLSSDDGNGVYTLSTYDFNPNVPVAYQATRVVVLSFELLNAPATVCGPKLSTELVKNQCVN,Severe acute respiratory syndrome-related coronavirus,Bat,Sarbecovirus,bat SARS coronavirus HKU3-2,Bat,,0.0
KT444582,ITNLCPFGEVFNATTFPSVYAWERKRISNCVADYSVLYNSTSFSTFKCYGVSATKLNDLCFSNVYADSFVVKGDDVRQIAPGQTGVIADYNYKLPDDFTGCVLAWNTRNIDATQTGNYNYKYRSLRHGKLRPFERDISNVPFSPDGKPCTPPAFNCYWPLNDYGFYITNGIGYQPYRVVVLSFELLNAPATV,SARS-like coronavirus WIV16,Rhinolophus sinicus,Sarbecovirus,SARS-like coronavirus WIV16,Bat,,1.0
KP886809,ITNLCPFDKVFNATRFPSVYAWERTKISDCVADYTVFYNSTSFSTFNCYGVSPSKLIDLCFTSVYADTFLIRFSEVRQVAPGQTGVIADYNYKLPDDFTGCVIAWNTAKYDVGSYFYRSHRSSKLKPFERDLSSEENGARTLSTYDFNQNVPLEYQATRVVVLSFELLNAPATV,Severe acute respiratory syndrome-related coronavirus,Rhinolophus ferrumequinum,Sarbecovirus,Bat SARS-like coronavirus YNLF_34C,Bat,,0.0
KP886808,ITNLCPFDKVFNATRFPSVYAWERTKISDCVADYTVFYNSTSFSTFNCYGVSPSKLIDLCFTSVYADTFLIRFSEVRQVAPGQTGVIADYNYKLPDDFTGCVIAWNTAKYDVGSYFYRSHRSSKLKPFERDLSSEENGARTLSTYDFNQNVPLEYQATRVVVLSFELLNAPATV,Severe acute respiratory syndrome-related coronavirus,Rhinolophus ferrumequinum,Sarbecovirus,Bat SARS-like coronavirus YNLF_31C,Bat,,0.0
KF514407,ITNLCPFGEVFNATKFPSVYAWERKKISNCVADYSVLYNSTFFSTFKCYGVSATKLNDLCFSNVYADSFVVKGDDVRQIAPGQTGVIADYNYKLPDDFMGCVLAWNTRNIDATSTGNYNYKYRSLRHGKLRPFERDISNVPFSPDGKPCTPPALNCYWPLNDYGFYTTTGIGYQPYRVVVLSFELLNAPATV,Severe acute respiratory syndrome-related coronavirus,Homo sapiens,SARS-CoV-1,SARS coronavirus ExoN1 strain SARS/VeroE6_lab/USA/ExoN1_c5.7P20/2010,Homo sapiens,,1.0
KF569997,ITNLCPFGEVFNATTFPSVYAWERKRISNCVADYSVLYNSTSFSTFKCYGVSAIKLNDLCFSNVYADSFVVKGDDVRQIAPGQTGVIADYNYKLPDDFMGCVLAWNTRNIDATSSGNFHYKYRSLRHGKLRPFERDISNVPFSPDGKPCTPPAFNCYWPLNDYGFYTTNGIGYQPYRVVVLSFELLNAPATV,Severe acute respiratory syndrome-related coronavirus,Rhinolophus affinis,Sarbecovirus,Rhinolophus affinis coronavirus isolate LYRa3 spike protein gene,Bat,,0.0
KF569996,ITNLCPFGEVFNATTFPSVYAWERKRISNCVADYSVLYNSTSFSTFKCYGVSAIKLNDLCFSNVYADSFVVKGDDVRQIAPGQTGVIADYNYKLPDDFMGCVLAWNTRNIDATSSGNFNYKYRSLRHGKLRPFERDISNVPFSPDGKPCTPPAFNCYWPLNDYGFYTTNGIGYQPYRVVVLSFELLNAPATV,Severe acute respiratory syndrome-related coronavirus,Rhinolophus affinis,Sarbecovirus,Rhinolophus affinis coronavirus isolate LYRa11,Bat,,1.0
KC881006,ITNLCPFGEVFNATTFPSVYAWERKRISNCVADYSVLYNSTSFSTFKCYGVSATKLNDLCFSNVYADSFVVKGDDVRQIAPGQTGVIADYNYKLPDDFTGCVLAWNTRNIDATQTGNYNYKYRSLRHGKLRPFERDISNVPFSPDGKPCTPPAFNCYWPLNDYGFYITNGIGYQPYRVVVLSFELLNAPATV,Severe acute respiratory syndrome-related coronavirus,Rhinolophus sinicus,Sarbecovirus,Bat SARS-like coronavirus Rs3367,Bat,,0.0
JX162087,ITNLCPFGEVFNATKFPSVYAWERKKISNCVADYSVLYNSTFFSTFKCYGVSATKLNDLCFSNVYADSFVVKGDDVRQIAPGQTGVIADYNYKLPDDFMGCVLAWNTRNIDATSTGNYNYKYRYLRHGKLRPFERDISNVPFSPDGKPCTPPALNCYWPLNDYGFYTTTGIGYQPYRVVVLSFELLNAPATV,Severe acute respiratory syndrome-related coronavirus,Homo sapiens,SARS-CoV-1,SARS coronavirus ExoN1 isolate c5P10,Homo sapiens,,1.0
AY572036,ITNLCPFGEVFNATKFPSVYAWERKRISNCVADYSVLYNSTSFSTFKCYGVSATKLNDLCFSNVYADSFVVKGDDVRQIAPGQTGVIADYNYKLPDDFMGCVLAWNTRNIDATSTGNYNYKYRYLRHGKLRPFERDISNVPFSPDGKPCTPPAPNCYWPLKGYGFYTTSGIGYQPYRVVVLSFELLNAPATV,Severe acute respiratory syndrome-related coronavirus,Viverridae,Sarbecovirus,SARS coronavirus civet014 spike glycoprotein gene,Civet,,1.0
DQ412043,FPNVYAWERTKISDCVADYTVLYNSTSFSTFKCYGVSPSKLIDLCFTSVYADTFLIRSSEVRQVAPGETGVIADYNYKLPDDFTGCVIAWNTAQQDQGQYYYRSYRKEKLKPFERDLSSDENGVYTLSTYDFYPSIPVEYQATRVVVLSFELLNAPATVCGPKLSTQLVKNQCVN,Severe acute respiratory syndrome-related coronavirus,Rhinolophus macrotis,Sarbecovirus,Bat SARS coronavirus Rm1,Bat,,0.0
DQ412042,ITNLCPFDKVFNATRFPSVYAWERTKISDCVADYTVFYNSTSFSTFNCYGVSPSKLIDLCFTSVYADTFLIRFSEVRQVAPGQTGVIADYNYKLPDDFTGCVIAWNTAKQDVGSYFYRSHRSSKLKPFERDLSSEENGVRTLSTYDFNQNVPLEYQATRVVVLSFELLNAPATV,Severe acute respiratory syndrome-related coronavirus,Rhinolophus ferrumequinum,Sarbecovirus,Bat SARS coronavirus Rf1,Bat,,0.0
AY485277,ITNLCPFGEVFNATKFPSVYAWERKKISNCVADYSVLYNSTFFSTFKCYGVSATKLNDLCFSNVYADSFVVKGDDVRQIAPGQTGVIADYNYKLPDDFMGCVLAWNTRNIDATSTGNYNYKYRSLRHGKLRPFERDISNVPFSPDGKPCTPPALNCYWPLNDYGFYTTTGIGYQPYRVVVLSFELLNAPATV,Severe acute respiratory syndrome-related coronavirus,Homo sapiens,SARS-CoV-1,SARS coronavirus Sino1-11,Homo sapiens,,1.0
FJ882960,ITNLCPFGEVFNATKFPSVYAWERKKISNCVADYSVLYNSTFFSTFKCYGVSATKLNDLCFSNVYADSFVVKGDDVRQIAPGQTGVIADYNYKLPDDFMGCVLAWNTRNIDATSTGNYNYKYRYLRHGKLRPFERDISNVPFSPDGKPCTPPALNCYWPLNDYGFYTTTGIGYQPYRVVVLSFELLNAPATV,Severe acute respiratory syndrome-related coronavirus,Homo sapiens,SARS-CoV-1,SARS coronavirus ExoN1 isolate P3pp34,Homo sapiens,,1.0
FJ882956,ITNLCPFGEVFNATKFPSVYAWERKKISNCVADYSVLYNSTFFSTFKCYGVSATKLNDLCFSNVYADSFVVKGDDVRQIAPGQTGVIADYNYKLPDDFMGCVLAWNTRNIDATSTGNYNYKYRYLRHGKLRPFERDISNVPFSPDGKPCTPPALNCYWPLNDYGFYTTTGIGYQPYRVVVLSFELLNAPATV,Severe acute respiratory syndrome-related coronavirus,Homo sapiens,SARS-CoV-1,SARS coronavirus ExoN1 isolate P3pp53,Homo sapiens,,1.0
FJ882950,ITNLCPFGEVFNATKFPSVYAWERKKISNCVADYSVLYNSTFFSTFKCYGVSATKLNDLCFSNVYADSFVVKGDDVRQIAPGQTGVIADYNYKLPDDFMGCVLAWNTRNIDATSTGNYNYKYRYLRHGKLRPFERDISNVPFSPDGKPCTPPALNCYWPLNDYGFYTTTGIGYQPYRVVVLSFELLNAPATV,Severe acute respiratory syndrome-related coronavirus,Homo sapiens,SARS-CoV-1,SARS coronavirus ExoN1 isolate P3pp60,Homo sapiens,,1.0
FJ882949,ITNLCPFGEVFNATKFPSVYAWERKKISNCVADYSVLYNSTFFSTFKCYGVSATKLNDLCFSNVYADSFVVKGDDVRQIAPGQTGVIADYNYKLPDDFMGCVLAWNTRNIDATSTGNYNYKYRYLRHGKLRPFERDISNVPFSPDGKPCTPPALNCYWPLNDYGFYTTTGIGYQPYRVVVLSFELLNAPATV,Severe acute respiratory syndrome-related coronavirus,Homo sapiens,SARS-CoV-1,SARS coronavirus wtic-MB isolate P3pp23,Homo sapiens,,1.0
FJ882944,ITNLCPFGEVFNATKFPSVYAWERKKISNCVADYSVLYNSTFFSTFKCYGVSATKLNDLCFSNVYADSFVVKGDDVRQIAPGQTGVIADYNYKLPDDFMGCVLAWNTRNIDATSTGNYNYKYRYLRHGKLRPFERDISNVPFSPDGKPCTPPALNCYWPLNDYGFYTTTGIGYQPYRVVVLSFELLNAPATV,Severe acute respiratory syndrome-related coronavirus,Homo sapiens,SARS-CoV-1,SARS coronavirus ExoN1 isolate P3pp23,Homo sapiens,,1.0
FJ882941,ITNLCPFGEVFNATKFPSVYAWERKKISNCVADYSVLYNSTFFSTFKCYGVSATKLNDLCFSNVYADSFVVKGDDVRQIAPGQTGVIADYNYKLPDDFMGCVLAWNTRNIDATSTGNYNYKYRYLRHGKLRPFERDISNVPFSPDGKPCTPPALNCYWPLNDYGFYTTTGIGYQPYRVVVLSFELLNAPATV,Severe acute respiratory syndrome-related coronavirus,Homo sapiens,SARS-CoV-1,SARS coronavirus ExoN1 isolate P3pp8,Homo sapiens,,1.0
FJ882940,ITNLCPFGEVFNATKFPSVYAWERKKISNCVADYSVLYNSTFFSTFKCYGVSATKLNDLCFSNVYADSFVVKGDDVRQIAPGQTGVIADYNYKLPDDFMGCVLAWNTRNIDATSTGNYNYKYRYLRHGKLRPFERDISNVPFSPDGKPCTPPALNCYWPLNDYGFYTTTGIGYQPYRVVVLSFELLNAPATV,Severe acute respiratory syndrome-related coronavirus,Homo sapiens,SARS-CoV-1,SARS coronavirus ExoN1 isolate P3pp37,Homo sapiens,,1.0
FJ882929,ITNLCPFGEVFNATKFPSVYAWERKKISNCVADYSVLYNSTFFSTFKCYGVSATKLNDLCFSNVYADSFVVKGDDVRQIAPGQTGVIADYNYKLPDDFMGCVLAWNTRNIDATSTGNYNYKYRYLRHGKLRPFERDISNVPFSPDGKPCTPPALNCYWPLNDYGFYTTTGIGYQPYRVVVLSFELLNAPATV,Severe acute respiratory syndrome-related coronavirus,Homo sapiens,SARS-CoV-1,SARS coronavirus ExoN1 isolate P3pp1,Homo sapiens,,1.0
GQ153548,FPNVYAWERTKISDCVADYTVLYNSTSFSTFKCYGVSPSKLIDLCFTSVYADTFLIRSSEVRQVAPGETGVIADYNYKLPDDFTGCVIAWNTAKHDTGNYYYRSHRKTKLKPFERDLSSDDGNGVYTLSTYDFNPNVPVAYQATRVVVLSFELLNAPATVCGPKLSTELVKNQCVN,Severe acute respiratory syndrome-related coronavirus,Bat,Sarbecovirus,Bat SARS coronavirus HKU3-13,Bat,,0.0
GQ153547,FPNVYAWERTKISDCVADYTVLYNSTSFSTFKCYGVSPSKLIDLCFTSVYADTFLIRSSEVRQVAPGETGVIADYNYKLPDDFTGCVIAWNTAKHDTGNYYYRSHRKTKLKPFERDLSSDDGNGVYTLSTYDFNPNVPVAYQATRVVVLSFELLNAPATVCGPKLSTELVKNQCVN,Severe acute respiratory syndrome-related coronavirus,Bat,Sarbecovirus,Bat SARS coronavirus HKU3-12,Bat,,0.0
GQ153543,FPSVYAWERTKISECVADYTVLYNSTSFSTFKCYGVSPSKLIDLCFTSVYADTFLIRSSEVRQVAPGETGVIADYNYKLPDDFTGCVIAWNTAKQDTGNYYYRSHRKTKLKPFERDLSSDDGNGVYTLSTYDFNPNVPVAYQATRVVVLSFELLNAPATVCGPKLSTQLVKNQCVN,Severe acute respiratory syndrome-related coronavirus,Bat,Sarbecovirus,Bat SARS coronavirus HKU3-8,Bat,,0.0
GQ153542,FPSVYAWERTKISECVADYTVLYNSTSFSTFKCYGVSPSKLIDLCFTSVYADTFLIRSSEVRQVAPGETGVIADYNYKLPDDFTGCVIAWNTAKQDTGNYYYRSHRKTKLKPFERDLSSDDGNGVYTLSTYDFNPNVPVAYQATRVVVLSFELLNAPATVCGPKLSTQLVKNQCVN,Severe acute respiratory syndrome-related coronavirus,Bat,Sarbecovirus,Bat SARS coronavirus HKU3-7,Bat,,0.0
FJ588686,FPNVYAWERTKISDCVADYTVLYNSTSFSTFKCYGVSPSKLIDLCFTSVYADTFLIRSSEVRQVAPGETGVIADYNYKLPDDFTGCVIAWNTAKQDQGQYYYRSSRKTKLKPFERDLTSDENGVRTLSTYDFYPNVPIEYQATRVVVLSFELLNAPATVCGPKLSTGLVKNQCVN,Severe acute respiratory syndrome-related coronavirus,Rhinolophus sinicus,Sarbecovirus,Bat SARS CoV Rs672/2006,Bat,,0.0
DQ514532,ITNLCPFGEVFNATKFPSVYAWERKKISNCVADYSVLYNSTFFSTFKCYGVSATKLNDLCFSNVYADSFVVKGDDVRQIAPGQTGVIADYNYKLPDDFMGCVLAWNTRNIDATSTGNYNYKYRYLRHGKLRPFERDISNVPFSPDGKPCTPPAPNCYWPLNDYGFYTTSGIGYQPYRVVVLSFELLNAPATV,Severe acute respiratory syndrome-related coronavirus,Paradoxurus hermaphroditus,Sarbecovirus,SARS coronavirus CS24 spike glycoprotein gene,Civet,,1.0
DQ514531,ITNLCPFGEVFNATKFPSVYAWERKKISNCVADYSVLYNSTFFSTFKCYGVSATKLNDLCFSNVYADSFVVKGDDVRQIAPGQTGVIADYNYKLPDDFMGCVLAWNTRNIDATSTGNYNYKYRYLRHGKLRPFERDISNVPFSPDGKPCTPPAPNCYWPLNGYGFYTTSGIGYQPYRVVVLSFELLNAPATV,Severe acute respiratory syndrome-related coronavirus,Paradoxurus hermaphroditus,Sarbecovirus,SARS coronavirus CS21 spike glycoprotein gene,Civet,,1.0
DQ514530,ITNLCPFGEVFNATKFPSVYAWERKRISNCVADYSVLYNSTSFSTFKCYGVSATKLNDLCFSNVYADSFVVKGDDVRQIAPGQTGVIADYNYKLPDDFMGCVLAWNTRNIDATSTGNYNYKYRYLRHGKLRPFERDISNVPFSPDGKPCTPPAPNCYWPLNGYGFYTTSGIGYQPYRVVVLSFELLNAPATV,Severe acute respiratory syndrome-related coronavirus,Paradoxurus hermaphroditus,Sarbecovirus,SARS coronavirus ES260 spike glycoprotein gene,Civet,,1.0
DQ514529,ITNLCPFGEVFNATKFPSVYAWERKRISNCVADYSVLYNSTFFSTFKCYGVSATKLNDLCFSNVYADSFVVKGDDVRQIAPGQTGVIADYNYKLPDDFMGCVLAWNTRNIDATSTGNYNYKYRYLRHGKLRPFERDISNVPFSPDGKPCTPPAPNCYWPLRGYGFYTTSGIGYQPYRVVVLSFELLNAPATV,Severe acute respiratory syndrome-related coronavirus,Paradoxurus hermaphroditus,Sarbecovirus,SARS coronavirus ES191 spike glycoprotein gene,Civet,,1.0
DQ514528,ITNLCPFGEVFNATKFPSVYAWERKRISNCVADYSVLYNSTFFSTFKCYGVSATKLNDLCFSNVYADSFVVKGDDVRQIAPGQTGVIADYNYKLPDDFMGCVLAWNTRNIDATSTGNYNYKYRYLRHGKLRPFERDISNVPFSPDGKPCTPPAPNCYWPLRGYGFYTTSGIGYQPYRVVVLSFELLNAPATV,Severe acute respiratory syndrome-related coronavirus,Paradoxurus hermaphroditus,Sarbecovirus,SARS coronavirus WF188 spike glycoprotein gene,Civet,,1.0
DQ412628,ITNLCPFGEVFNATKFPSVYAWERKKISNCVADYSVLYNSTFFSTFKCYGVSATKLNDLCFSNVYADSFVVKGDDVRQIAPGQTGVIADYNYKLPDDFMGCVLAWNTRNIDATSTGNYNYKYRYLRHGKLRPFERDISNVPFSPDGKPCTPPALNCYWPLNDYGFYTTTGIGYQPYRVVVLSFELLNAPATV,Severe acute respiratory syndrome-related coronavirus,Homo sapiens,SARS-CoV-1,SARS coronavirus isolate CUHKtc53L spike glycoprotein (S) gene,Homo sapiens,,1.0
DQ412627,ITNLCPFGEVFNATKFPSVYAWERKKVSNCVADYSVLYNSTFFSTFKCYGVSATKLNDLCFSNVYADSFVVKGDDVRQIAPGQTGVIADYNYKLPDDFMGCVLAWNTRNIDATSTGNYNYKYRYLRHGKLRPFERDISNVPFSPDGKPCTPPALNCYWPLNDYGFYTTTGIGYQPYRVVVLSFELLNAPATV,Severe acute respiratory syndrome-related coronavirus,Homo sapiens,SARS-CoV-1,SARS coronavirus isolate CUHKtc52TS nonfunctional spike glycoprotein (S) gene,Homo sapiens,,1.0
DQ412617,ITNLCPFGEVFNATKFPSVYAWERKKISNCVVDYSVLYNSTFFSTFKCYGVSATKLNDLCFSNVYADSFVVKGDDVRQIAPGQTGVIADYNYKLPDDFMGCVLAWNTRNIDATSTGNYNYKYRYLRHGKLRPFERDISNVPFSPDGKPCTPPALNCYWPLNDYGFYTTTGIGYQPYRVVVLSFELLNAPATV,Severe acute respiratory syndrome-related coronavirus,Homo sapiens,SARS-CoV-1,SARS coronavirus isolate CUHKtc42NP spike glycoprotein (S) gene,Homo sapiens,,1.0
DQ412609,ITNLCPFGEVFNATKFPSVYAWERKKISNCVADYSVLYNSTFFSTFKCYGVSATKLNDLCFSNVYADSFVVKGDDVRQIAPGQTGVIADYNYKLPDDFMGCVLAWNTRNIDATSTGNYNYKYRYLRHGKLRPFERDISNVPFSPDGKPCTPPALNCYWPLNDYGFYTTTGIGYQPYRVVVLSFELLNAPATV,Severe acute respiratory syndrome-related coronavirus,Homo sapiens,SARS-CoV-1,SARS coronavirus isolate CUHKtc32NP spike glycoprotein (S) gene,Homo sapiens,,1.0
DQ412606,ITNLCPFGEVFNATKFPSVYAWERKKISNCVADYSVLYNSTFFSTFKCYGVSATKLNDLCFSNVYADSFVVKGDDVRQIAPGQTGVIADYNYKLPDDFMGCVLAWNTRNIDATSTGNYNYKYRYLRHGKLRPFERDISNVPFSPDGKPCTPPALNCYWPLNDYGFYTTTGIGYQPYRVVVLSFELLNAPATV,Severe acute respiratory syndrome-related coronavirus,Homo sapiens,SARS-CoV-1,SARS coronavirus isolate CUHKtc29NP nonfunctional spike glycoprotein (S) gene,Homo sapiens,,1.0
DQ412599,ITNLCPFGEVFNATKFPSVYAWERKKISNCVADYSVLYNSTFFSTFKCYGVSATKLNDLCFSNVYADSFVVKGDDVRQIAPGQTGVIADYNYKLPDDFMGCVLAWNTRNIDATSTGNYKYKYRYLRHGKLRPFERDISNVPFSPDGKPCTPPALNCYWPLNDYGFYTTTGIGYQPYRVVVLSFELLNAPATV,Severe acute respiratory syndrome-related coronavirus,Homo sapiens,SARS-CoV-1,SARS coronavirus isolate CUHKtc19NP nonfunctional spike glycoprotein (S) gene,Homo sapiens,,1.0
DQ412596,ITNLCPFGEVFNATKFPSVYAWERKKISNCVADYSVLYNSTFFSTFKCYGVSATKLNDLCFSNVYADSFVVKGDDVRQIAPGQTGVIADYNYKLPDDFMGCVLAWNTRNIDATSTGNYNYKYRYLRHGKLRPFERDISNVPFSPDGKPCTPPALNCYWPLNDYGFYTTTGIGYQPYRVVVLSFELLNAPATV,Severe acute respiratory syndrome-related coronavirus,Homo sapiens,SARS-CoV-1,SARS coronavirus isolate CUHKtc14NP spike glycoprotein (S) gene,Homo sapiens,,1.0
DQ412594,ITNLCPFGEVFNATKFPSVYAWERKKISNCVADYSVLYNSTFFSTFKCYGVSATKLNDLCFSNVYADSFVVKGDDVRQIAPGQTGVIADYNYKLPDDFMGCVLAWNTRNIDATSTGNYNYKYRYLRHGKLRPFERDISNVPFSPDGKPCTPPALNCYWPLNDYGFYTTTGIGYQPYRVVVLSFELLNAPATV,Severe acute respiratory syndrome-related coronavirus,Homo sapiens,SARS-CoV-1,SARS coronavirus isolate CUHKtc10NP spike glycoprotein (S) gene,Homo sapiens,,1.0
DQ412588,ITNLCPFGEVFNATKFPSVYAWERKKISNCVADYSVLYNSTFFSTFKCYGVSATKLNDLCFSNVYADSFVVKGDDVRQIAPGQTGVIADYNYKLPDDFMGCVLAWNTRNIDATSTGNYNYKYRYLRHGKLRPFERDISNVPFSPDGKPCTPPALNCYWPLNDYGFYTTTGIGYQPYRVVVLSFELLNAPATV,Severe acute respiratory syndrome-related coronavirus,Homo sapiens,SARS-CoV-1,SARS coronavirus isolate CUHKtc04NP spike glycoprotein (S) gene,Homo sapiens,,1.0
DQ412578,ITNLCPFGEVFNATKFPSVYAWERKKISNCVADYSVLYNSTFFSTFKCYGVSATKLNDLCFSNVYADSFVVKGDDVRQIAPGQTGVIADYNYKLPDDFMGCVLAWNTRNIDATSTGNYNYKYRYLRHGKLRPFERDISNVPFSPNGKPCTPPALNCYWPLNDYGFYTTTGIGYQPYRVVVLSFELLNAPATV,Severe acute respiratory syndrome-related coronavirus,Homo sapiens,SARS-CoV-1,SARS coronavirus isolate CUHKcs52UR spike glycoprotein (S) gene,Homo sapiens,,1.0
DQ412575,ITNLCPFGEVFNATKFPSVYAWERKKISNCVADYSVLYNSTFFSTFKCYGVSATKLNDLCFSNVYVDSFVVKGDDVRQIAPGQTGVIADYNYKLPDDFMGCVLAWNTRNIDATSTGNYNYKYRYLRHGKLRPFERDISNVPFSPDGKPCTPPALNCYWPLNDYGFYTTTGIGYQPYRVVVLSFELLNAPATV,Severe acute respiratory syndrome-related coronavirus,Homo sapiens,SARS-CoV-1,SARS coronavirus isolate CUHKcs04ST spike glycoprotein (S) gene,Homo sapiens,,1.0
AY429079,ITNLCPFGEVFNATKFPSVYAWERKKISNCVADYSVLYNSTFFSTFKCYGVSATKLNDLCFSNVYADSFVVKGDDVRQIAPGQTGVIADYNYKLPDDFMGCVLAWNTRNIDATSTGNYNYKYRYLRHGKLRPFERDISNVPFSPDGKPCTPPALNCYWPLSDYGFYTTTGIGYQPYRVVVLSFELLNAPATV,Severe acute respiratory syndrome-related coronavirus,Homo sapiens,SARS-CoV-1,SARS coronavirus BJ302 clone 8 spike glycoprotein gene,Homo sapiens,,1.0
AY429077,ITNLCPFGEVFNATKFPSVYAWERKKISNCVADYSVLYNSTFFSTFKCYGVSATKLNDLCFSNVYADSFVVKGDDVRQIAPGQTGVIADYNYKLPDDFMGCVLAWNTRNIDATSTGNYNYKYRYLRHGKLRPFERDISNVPFSPDGKPCTPPALNCYWPLSDYGFYTTTGIGYQPYRVVVLSFELLNAPATV,Severe acute respiratory syndrome-related coronavirus,Homo sapiens,SARS-CoV-1,SARS coronavirus BJ302 clone 6 spike glycoprotein gene,Homo sapiens,,1.0
AY429076,ITNLCPFGEVFNATKFPSVYAWERKKISNCVADYSVLYNSTFFSTFKCYGVSATKLNDLCFSNVYADSFVVKGDDVRQIAPGQTGVIADYNYKLPDDFMGCVLAWNTRNIDATSTGNYNYKYRYLRHGKLRPFERDISNVPFSPDGKPCTPPALNCYWPLSDYGFYTTTGIGYQPYRVVVLSFELLNAPATV,Severe acute respiratory syndrome-related coronavirus,Homo sapiens,SARS-CoV-1,SARS coronavirus BJ302 clone 5 spike glycoprotein gene,Homo sapiens,,1.0
AY429075,ITNLCPFGEVFNATKFPSVYAWERKKISNCVADYSVLYNSTFFSTFKCYGVSATKLNDLCFSNVYADSFVVKGDDVRQIAPGQTGVIADYNYKLPDDFMGCVLAWNTRNIDATSTGNYNYKYRYLRHGKLRPFERDISNVPFSPDGKPCTPPALNCYWPLSDYGFYTTTGIGYQPYRVVVLSFELLNAPATV,Severe acute respiratory syndrome-related coronavirus,Homo sapiens,SARS-CoV-1,SARS coronavirus BJ302 clone 4 spike glycoprotein gene,Homo sapiens,,1.0
AY429074,ITNLCPFGEVFNATKFPSVYAWERKKISNCVADYSVLYNSTFFSTFKCYGVSATKLNDLCFSNVYADSFVVKGDDVRQIAPGQTGVIADYNYKLPDDFMGCVLAWNTRNIDATSTGNYNYKYRYLRHGKLRPFERDISNVPFSPDGKPCTPPALNCYWPLSDYGFYTTTGIGYQPYRVVVLSFELLNAPATV,Severe acute respiratory syndrome-related coronavirus,Homo sapiens,SARS-CoV-1,SARS coronavirus BJ302 clone 3 spike glycoprotein gene,Homo sapiens,,1.0
AY429073,ITNLCPFGEVFNATKFPSVYAWERKKISNCVADYSVLYNSTFFSTFKCYGVSATKLNDLCFSNVYADSFVVKGDDVRQIAPGQTGVIADYNYKLPDDFMGCVLAWNTRNIDATSTGNYNYKYRYLRHGKLRPFERDISNVPFSPDGKPCTPPALNCYWPLSDYGFYTTTGIGYQPYRVVVLSFELLNAPATV,Severe acute respiratory syndrome-related coronavirus,Homo sapiens,SARS-CoV-1,SARS coronavirus BJ302 clone 2 spike glycoprotein gene,Homo sapiens,,1.0
AY429072,ITNLCPFGEVFNATKFPSVYAWERKKISNCVADYSVLYNSTFFSTFKCYGVSATKLNDLCFSNVYADSFVVKGDDVRQIAPGQTGVIADYNYKLPDDFMGCVLAWNTRNIDATSTGNYNYKYRYLRHGKLRPFERDISNVPFSPDGKPCTPPALNCYWPLNDYGFYTTTGIGYQPYRVVVLSFELLNAPATV,Severe acute respiratory syndrome-related coronavirus,Homo sapiens,SARS-CoV-1,SARS coronavirus BJ302 clone 1 spike glycoprotein gene,Homo sapiens,,1.0
FJ959407,ITNLCPFGEVFNATKFPSVYAWERKRISNCVADYSVLYNSTSFSTFKCYGVSATKLNDLCFSNVYADSFVVKGDDVRQIAPGQTGVIADYNYKLPDDFMGCVLAWNTRNIDATSTGNYNYKHRYLRHGKLRPFERDISNVPFSPEGKPCTPPAPNCYWPLRGYGFYTTSGIGYQPYRVVVLSFELLNAPATV,Severe acute respiratory syndrome-related coronavirus,Paradoxurus hermaphroditus,Sarbecovirus,SARS coronavirus isolate A001,Civet,,1.0
AY278487,ITNLCPFGEVFNATKFPSVYAWERKKISNCVADYSVLYNSTFFSTFKCYGVSATKLNDLCFSNVYADSFVVKGDDVRQIAPGQTGVIADYNYKLPDDFMGCVLAWNTRNIDATSTGNYNYKYRYLRHGKLRPFERDISNVPFSPDGKPCTPPALNCYWPLNDYGFYTTTGIGYQPYRVVVLSFELLNAPATV,Severe acute respiratory syndrome-related coronavirus,Homo sapiens,SARS-CoV-1,SARS coronavirus BJ02,Homo sapiens,,1.0
DQ071615,FPNVYAWERTKISDCVADYTVLYNSTSFSTFKCYGVSPSKLIDLCFTSVYADTFLIRSSEVRQVAPGETGVIADYNYKLPDDFTGCVIAWNTAKQDQGQYYYRSHRKTKLKPFERDLSSDENGVRTLSTYDFYPSVPVAYQATRVVVLSFELLNAPATVCGPKLSTQLVKNQCVN,Severe acute respiratory syndrome-related coronavirus,Chiroptera,Sarbecovirus,Bat SARS coronavirus Rp3,Bat,,0.0
FJ882942,ITNLCPFGEVFNATKFPSVYAWERKKISNCVADYSVLYNSTFFSTFKCYGVSATKLNDLCFSNVYADSFVVKGDDVRQIAPGQTGVIADYNYKLPDDFMGCVLAWNTRNIDATSTGNHNYKYRYLRHGKLRPFERDISNVPFSPDGKPCTPPALNCYWPLNDYGFYTTTGIGYQPYRVVVLSFELLNAPATV,Severe acute respiratory syndrome-related coronavirus,BALB/c mice,Sarbecovirus,SARS coronavirus MA15 ExoN1 isolate P3pp5,Murine,,0.0
DQ648857,FPNVYAWERTKISDCVADYTVLYNSTSFSTFKCYGVSPSKLIDLCFTSVYADTFLIRSSEVRQVAPGETGVIADYNYKLPDDFTGCVIAWNTAQQDQGQYYYRSYRKEKLKPFERDLSSDENGVYTLSTYDFYPSIPVEYQATRVVVLSFELLNAPATVCGPKLSTQLVKNQCVN,Severe acute respiratory syndrome-related coronavirus,Bat,Sarbecovirus,Bat coronavirus (BtCoV/279/2005),Bat,,0.0
DQ648856,ITNLCPFDKVFNATRFPSVYAWERTKISDCVADYTVFYNSTSFSTFNCYGVSPSKLIDLCFTSVYADTFLIRFSEVRQVAPGQTGVIADYNYKLPDDFTGCVIAWNTAKQDVGSYFYRSHRSSKLKPFERDLSSVEENGRTLSTYDFNQNVPLEYQATRVVVLSFELLNAPATV,Severe acute respiratory syndrome-related coronavirus,Bat,Sarbecovirus,Bat coronavirus (BtCoV/273/2005),Bat,,0.0
AY687370,ITNLCPFGEVFNATKFPSVYAWERKRISNCVADYSVLYNSTSFSTFKCYGVSATKLNDLCFSNVYADSFVVKGDDVRQIAPGQTGVIADYNYKLPDDFMGCVLAWNTRNIDATSTGNYNYKYRYLRHGKLRPFERDISNVPFSPDGKPCTPPAPNCYWPLRGYGFYTTSGIGYQPYRVVVLSFELLNAPATV,Severe acute respiratory syndrome-related coronavirus,Palm civet,Sarbecovirus,SARS coronavirus C025 spike glycoprotein gene,Civet,,1.0
AY687368,ITNLCPFGEVFNATKFPSVYAWERKRISNCVADYSVLYNSTSFSTFKCYGVSATKLNDLCFSNVYADSFVVKGDDVRQIAPGQTGVIADYNYKLPDDFMGCVLAWNTRNIDATSTGNYNYKYRYLRHGKLRPFERDISNVPFSPDGKPCTPPAPNCYWPLRGYGFYTTSGIGYQPYRVVVLSFELLNAPATV,Severe acute respiratory syndrome-related coronavirus,Palm civet,Sarbecovirus,SARS coronavirus C018 spike glycoprotein gene,Civet,,1.0
AY687362,ITNLCPFGEVFNATKFPSVYAWERKRISNCVADYSVLYNSTSFSTFKCYGVSATKLNDLCFSNVYADSFVVKGDDVRQIAPGQTGVIADYNYKLPDDFMGCVLAWNTRNIDATSTGNYNYKHRYLRHGKLRPFERDISNVPFSPDGKPCTPPAPNCYWPLRGYGFYTTSGIGYQPYRVVVLSFELLNAPATV,Severe acute respiratory syndrome-related coronavirus,Palm civet,Sarbecovirus,SARS coronavirus B033 spike glycoprotein gene,Civet,,1.0
AY687360,ITNLCPFGEVFNATKFPSVYAWERKRISNCVADYSVLYNSTSFSTFKCYGVSATKLNDLCFSNVYADSFVVKGDDVRQIAPGQTGVIADYNYKLPDDFMGCVLAWNTRNIDATSTGNYNYKYRYLRHGKLRPFERDISNVPFSPDGKPCTPPAPNCYWPLNGYGFYTTSGIGYQPYRVVVLSFELLNAPATV,Severe acute respiratory syndrome-related coronavirus,Palm civet,Sarbecovirus,SARS coronavirus B024 spike glycoprotein gene,Civet,,1.0
AY687356,ITNLCPFGEVFNATKFPSVYAWERKRISNCVADYSVLYNSTSFSTFKCYGVSATKLNDLCFSNVYADSFVVKGDDVRQIAPGQTGVIADYNYKLPDDFMGCVLAWNTRNIDATSTGNYNYKYRYLRHGKLRPFERDISNVPFSPDGKPCTPPAPNCYWPLNGYGFYTTSGIGYQPYRVVVLSFELLNAPATV,Severe acute respiratory syndrome-related coronavirus,Palm civet,Sarbecovirus,SARS coronavirus A021 spike glycoprotein gene,Civet,,1.0
AY627048,ITNLCPFGEVFNATKFPSVYAWERKRISNCVADYSVLYNSTSFSTFKCYGVSATKLNDLCFSNVYADSFVVKGDDVRQIAPGQTGVIADYNYKLPDDFMGCVLAWNTRNIDATSTGNYNYKYRYLRHGKLRPFERDISNVPFSPDGKPCTPPAPNCYWPLNGYGFYTTSGIGYQPYRVVVLSFELLNAPATV,Severe acute respiratory syndrome-related coronavirus,Paradoxurus hermaphroditus,Sarbecovirus,SARS coronavirus PC4-241 spike glycoprotein gene,Civet,,1.0
AY627047,ITNLCPFGEVFNATKFPSVYAWERKRISNCVADYSVLYNSTSFSTFKCYGVSATKLNDLCFSNVYADSFVVKGDDVRQIAPGQTGVIADYNYKLPDDFMGCVLAWNTRNIDATSTGNYNYKYRYLRHGKLRPFERDISNVPFSPDGKPCTPPAPNCYWPLRGYGFYTTSGIGYQPYRVVVLSFELLNAPATV,Severe acute respiratory syndrome-related coronavirus,Paradoxurus hermaphroditus,Sarbecovirus,SARS coronavirus PC4-199 spike glycoprotein gene,Civet,,1.0
AY627045,ITNLCPFGEVFNATKFPSVYAWERKRISNCVADYSVLYNSTSFSTFKCYGVSATKLNDLCFSNVYADSFVVKGDDVRQIAPGQTGVIADYNYKLPDDFMGCVLAWNTRNIDATSTGNYNYKYRYLRHGKLRPFERDISNVPFSPDGKPCTPPAPNCYWPLKGYGFYTTSGIGYQPYRVVVLSFELLNAPATV,Severe acute respiratory syndrome-related coronavirus,Paradoxurus hermaphroditus,Sarbecovirus,SARS coronavirus PC4-137 spike glycoprotein gene,Civet,,1.0
AY613953,ITNLCPFGEVFNATKFPSVYAWERKRISNCVADYSVLYNSTSFSTLKCYGVSATKLNDLCXXXXXXXXXXXXXXXXXXXXXXXXXXXXXXXXXXXXXXXXXXXXXXXXXXXXXXXXXXXXXXXXXXXXXXXXXXXXXXXXXXXXXXXXXXXXXXXXXXXXXXXXXXXXXXIGYQPYRVVVLSFELLNAPATV,Severe acute respiratory syndrome-related coronavirus,Homo sapiens,SARS-CoV-1,SARS coronavirus GZ0403 spike glycoprotein gene,Homo sapiens,,1.0
AY613952,ITNLCPFGEVFNATKFPSVYAWERKRISNCVADYSVLYNSTSFSTFKCYGVSATKLNDLCFSNVYADSFVVKGDDVRQIAPGQTGVIADYNYKLPDDFMGCVLAWNTRNIDATSTGNYNYKYRYLRHGKLRPFERDISNVPFSPDGKPCTPPAPNCYWPLRGYGFYTTSGIGYQPYRVVVLSFELLNAPATV,Severe acute respiratory syndrome-related coronavirus,Paradoxurus hermaphroditus,Sarbecovirus,SARS coronavirus PC4-205 spike glycoprotein gene,Civet,,1.0
AY714217,ITNLCPFGEVFNATKFPSVYAWERKKISNCVADYSVLYNSTFFSTFKCYGVSATKLNDLCFSNVYADSFVVKGDDVRQIAPGQTGVIADYNYKLPDDFMGCVLAWNTRNIDATSTGNYNYKYRYLRHGKLRPFERDISNVPFSPDGKPCTPPALNCYWPLNDYGFYTTTGIGYQPYRVVVLSFELLNAPATV,Severe acute respiratory syndrome-related coronavirus,Homo sapiens,SARS-CoV-1,SARS Coronavirus CDC#200301157,Homo sapiens,,1.0
AY654624,ITNLCPFGEVFNATKFPSVYAWERKKISNCVADYSVLYNSTFFSTFKCYGVSATKLNDLCFSNVYADSFVVKGDDVRQIAPGQTGVIADYNYKLPDDFMGCVLAWNTRNIDATSTGNYNYKYRYLRHGKLRPFERDISNVPFSPDGKPCTPPALNCYWPLNDYGFYTTTGIGYQPYRVVVLSFELLNAPATV,Severe acute respiratory syndrome-related coronavirus,Homo sapiens,SARS-CoV-1,SARS coronavirus TJF,Homo sapiens,,1.0
AY648300,ITNLCPFGEVFNATKFPSVYAWERKKISNCVADYSVLYNSTFFSTFKCYGVSATKLNDLCFSNVYADSFVVKGDDVRQIAPGQTGVIADYNYKLPDDFMGCVLAWNTRNIDATSTGNYNYKYRYLKHGKLRPFERDISNVPFSPDGKPCTPPALNCYWPLNDYGFYTTTGIGYQPYRVVVLSFELLNAPATV,Severe acute respiratory syndrome-related coronavirus,Homo sapiens,SARS-CoV-1,SARS coronavirus HHS-2004 spike protein (S) mRNA,Homo sapiens,,1.0
AY390556,ITNLCPFGEVFNATKFPSVYAWERKRISNCVADYSVLYNSTFFSTFKCYGVSATKLNDLCFSNVYADSFVVKGDDVRQIAPGQTGVIADYNYKLPDDFMGCVLAWNTRNIDATSTGNYNYKYRYLRHGKLRPFERDISNVPFSPDGKPCTPPALNCYWPLNDYGFYTTTGIGYQPYRVVVLSFELLNAPATV,Severe acute respiratory syndrome-related coronavirus,Homo sapiens,SARS-CoV-1,SARS coronavirus GZ02,Homo sapiens,,1.0
FJ882963,ITNLCPFGEVFNATKFPSVYAWERKKISNCVADYSVLYNSTFFSTFKCYGVSATKLNDLCFSNVYADSFVVKGDDVRQIAPGQTGVIADYNYKLPDDFMGCVLAWNTRNIDATSTGNYNYKYRYLRHGKLRPFERDISNVPFSPDGKPCTPPALNCYWPLNDYGFYTTTGIGYQPYRVVVLSFELLNAPATV,Severe acute respiratory syndrome-related coronavirus,Homo sapiens,SARS-CoV-1,SARS coronavirus P2,Homo sapiens,,1.0
AY772062,ITNLCPFGEVFNATKFPSVYAWERKKISNCVADYSVLYNSTFFSTFKCYGVSATKLNDLCFSNVYADSFVVKGDDVRQIAPGQTGVIADYNYKLPDDFMGCVLAWNTRNIDATSTGNYNYKYRYLRHGKLRPFERDISNVPFSPDGKPCTPPALNCYWPLNDYGFYTTTGIGYQPYRVVVLSFELLNAPATV,Severe acute respiratory syndrome-related coronavirus,Homo sapiens,SARS-CoV-1,SARS coronavirus WH20,Homo sapiens,,1.0
EU371564,ITNLCPFGEVFNATKFPSVYAWERKKISNCVADYSVLYNSTFFSTFKCYGVSATKLNDLCFSNVYADSFVVKGDDVRQIAPGQTGVIADYNYKLPDDFMGCVLAWNTRNIDATSTGNYNYKYRYLRHGKLRPFERDISNVPFSPDGKPCTPPALNCYWPLNDYGFYTTTGIGYQPYRVVVLSFELLNAPATV,Severe acute respiratory syndrome-related coronavirus,Homo sapiens,SARS-CoV-1,SARS coronavirus BJ182-12,Homo sapiens,,1.0
EU371563,ITNLCPFGEVFNATKFPSVYAWERKKISNCVADYSVLYNSTFFSTFKCYGVSATKLNDLCFSNVYADSFVVKGDDVRQIAPGQTGVIADYNYKLPDDFMGCVLAWNTRNIDATSTGNYNYKYRYLRHGKLRPFERDISNVPFSPDGKPCTPPALNCYWPLNDYGFYTTTGIGYQPYRVVVLSFELLNAPATV,Severe acute respiratory syndrome-related coronavirus,Homo sapiens,SARS-CoV-1,SARS coronavirus BJ182-8,Homo sapiens,,1.0
EU371562,ITNLCPFGEVFNATKFPSVYAWERKKISNCVADYSVLYNSTFFSTFKCYGVSATKLNDLCFSNVYADSFVVKGDDVRQIAPGQTGVIADYNYKLPDDFMGCVLAWNTRNIDATSTGNYNYKYRYLRHGKLRPFERDISNVPFSPDGKPCTPPALNCYWPLNDYGFYTTTGIGYQPYRVVVLSFELLNAPATV,Severe acute respiratory syndrome-related coronavirus,Homo sapiens,SARS-CoV-1,SARS coronavirus BJ182-4,Homo sapiens,,1.0
AB263618,ITNLCPFGEVFNATKFPSVYAWERKKISNCVADYSVLYNSTFFSTFKCYGVSATKLNDLCFSNVYADSFVVKGDDVRQIAPGQTGVIADYNYKLPDDFMGCVLAWNTRNIDATSTGNYNYKYRYLRHGKLRPFERDISNVPFSPDGKPCTPPALNCYWPLNDYGFYTTTGIGYQPYRVVVLSFELLNAPATV,Severe acute respiratory syndrome-related coronavirus,Homo sapiens,SARS-CoV-1,SARS coronavirus Frankfurt1-v01 S gene for spike glycoprotein,Homo sapiens,,1.0
DQ640652,ITNLCPFGEVFNATKFPSVYAWERKKISNCVADYSVLYNSTFFSTFKCYGVSATKLNDLCFSNVYADSFVVKGDDVRQIAPGQTGVIADYNYKLPDDFMGCVLAWNTRNIDATSTGNYNYKYRYLRHGKLRPFERDISNVPFSPDGKPCTPPALNCYWPLNDYGFYTTTGIGYQPYRVVVLSFELLNAPATV,Severe acute respiratory syndrome-related coronavirus,Homo sapiens,SARS-CoV-1,SARS coronavirus GDH-BJH01,Homo sapiens,,1.0
AY545919,ITNLCPFGEVFNATKFPSVYAWERKRISNCVADYSVLYNSTSFSTFKCYGVSATKLNDLCFSNVYADSFVVKGDDVRQIAPGQTGVIADYNYKLPDDFMGCVLAWNTRNIDATSTGNYNYKYRYLRHGKLRPFERDISNVPYSPDGKPCTPPAPNCYWPLRGYGFYTTSGIGYQPYRVVVLSFELLNAPATV,Severe acute respiratory syndrome-related coronavirus,Melogale moschata,Sarbecovirus,SARS coronavirus isolate CFB/SZ/94/03,Minks,,1.0
AY545915,ITNLCPFGEVFNATKFPSVYAWERKRISNCVADYSVLYNSTSFSTFKCYGVSATKLNDLCFSNVYADSFVVKGDDVRQIAPGQTGVIADYNYKLPDDFMGCVLAWNTRNIDATSTGNYNYKYRYLRHGKLRPFERDISNVPFSPDGKPCTPPAPNCYWPLNGYGFYTTSGIGYQPYRVVVLSFELLNAPATV,Severe acute respiratory syndrome-related coronavirus,Paguma larvata,Sarbecovirus,SARS coronavirus isolate HC/SZ/DM1/03,Civet,,1.0
AY613948,ITNLCPFGEVFNATKFPPVYAWERKRISNCVADYSVLYNSTSFSTFKCYGVSATKLNDLCFSNVYADSFVVKGDDVRQIAPGQTGVIADYNYKLPDDFMGCVLAWNTRNIDATSTGNYNYKYRYLRHGKLRPFERDISNVPFSSDGKPCTPPAPNCYWPLRGYGFYTTSGIGYQPYRVVVLSFELLNAPATV,Severe acute respiratory syndrome-related coronavirus,Paradoxurus hermaphroditus,Sarbecovirus,SARS coronavirus PC4-13,Civet,,1.0
AY613947,ITNLCPFGEVFNATKFPSVYAWERKRISNCVADYSVLYNSTSFSTFKCYGVSATKLNDLCFSNVYADSFVVKGDDVRQIAPGQTGVIADYNYKLPDDFMGCVLAWNIRNIDATSTGNYNYKYRYLRHGKLRPFERDISNVPFSPDGKPCTPPAPNCYWPLNGYGFYTTSGIGYQPYRVVVLSFELLNAPATV,Severe acute respiratory syndrome-related coronavirus,Homo sapiens,SARS-CoV-1,SARS coronavirus GZ0402,Homo sapiens,,1.0
AY515512,ITNLCPFGEVFNATKFPSVYAWERKRISNCVADYSVLYNSTSFSTFKCYGVSATKLNDLCFSNVYADSFVVKGDDVRQIAPGQTGVIADYNYKLPDDFMGCVLAWNTRNIDATSTGNYNYKYRYLRHGKLRPFERDISNVPFSPDGKPCTPPAPNCYWPLRGYGFYTTSGIGYQPYRVVVLSFELLNAPATV,Severe acute respiratory syndrome-related coronavirus,Paguma larvata,Sarbecovirus,SARS coronavirus HC/SZ/61/03,Civet,,1.0
AY559097,ITNLCPFGEVFNATKFPSVYAWERKKISNCVADYFVLYNSTFFSTFKCYGVSATKLNDLCFSNVYADSFVVKGDDVRQIAPGQTGVIADYNYKLPDDFMGCVLAWNTRNIDATSTGNYNYKYRYLRHGKLRPFERDISNVPFSPDGKPCTPPALNCYWPLNDYGFYTTTGIGYQPYRVVVLSFELLNAPATV,Severe acute respiratory syndrome-related coronavirus,Homo sapiens,SARS-CoV-1,SARS coronavirus Sin3408L,Homo sapiens,,1.0
AY559093,ITNLCPFGEVFNATKFPSVYAWERKKISNCVADYFVLYNSTFFSTFKCYGVSATKLNDLCFSNVYADSFVVKGDDVRQIAPGQTGVIADYNYKLPDDFMGCVLAWNTRNIDATSTGNYNYKYRYLRHGKLRPFERDISNVPFSPDGKPCTPPALNCYWPLNDYGFYTTTGIGYQPYRVVVLSFELLNAPATV,Severe acute respiratory syndrome-related coronavirus,Homo sapiens,SARS-CoV-1,SARS coronavirus Sin845,Homo sapiens,,1.0
AY559091,ITNLCPFGEVFNATKFPSVYAWERKKISNCVADYSVLYNSTFFSTFKCYGVSATKLNDLCFSNVYADSFVVKGDDVRQIAPGQTGVIADYNYKLPDDFMGCVLAWNTRNIDATSTGNYNYKYRYLRHGKLRPFERDISNVPFSPDGKPCTPPALNCYWPLNDYGFYTTTGIGYQPYRVVVLSFELLNAPATV,Severe acute respiratory syndrome-related coronavirus,Homo sapiens,SARS-CoV-1,SARS coronavirus SinP4,Homo sapiens,,1.0
AY394992,ITNLCPFGEVFNATKFPSVYAWERKKISNCVADYSVLYNSTFFSTFKCYGVSATKLNDLCFSNVYADSFVVKGDDVRQIAPGQTGVIADYNYKLPDDFMGCVLAWNTRNIDATSTGNYNYKYRYLRHGKLRPFERDISNVPFSPDGKPCTPPALNCYWPLNDYGFYTTTGIGYQPYRVVVLSFELLNAPATV,Severe acute respiratory syndrome-related coronavirus,Homo sapiens,SARS-CoV-1,SARS coronavirus HZS2-C,Homo sapiens,,1.0
AY394988,ITNLCPFGEVFNATKFPSVYAWERKRISNCVADYSVLYNSTFFSTFKCYGVSATKLNDLCFSNVYADSFVVKGDDVRQIAPGQTGVIADYNYKLPDDFMGCVLAWNTRNIDATSTGNYNYKYRYLRHGKLRPFERDISNVPFSPDGKPCTPPALNCYWPLNDYGFYTTTGIGYQPYRVVVLSFELLNAPATV,Severe acute respiratory syndrome-related coronavirus,Homo sapiens,SARS-CoV-1,SARS coronavirus JMD,Homo sapiens,,1.0
AY394979,ITNLCPFGEVFNATKFPSVYAWERKKISNCVADYSVLYNSTFFSTFKCYGVSATKLNDLCFSNVYADSFVVKGDDVRQIAPGQTGVIADYNYKLPDDFMGCVLAWNTRNIDATSTGNHNYKYRYLRHGKLRPFERDISNVPFSPDGKPCTPPALNCYWPLNDYGFYTTTGIGYQPYRVVVLSFELLNAPATV,Severe acute respiratory syndrome-related coronavirus,Homo sapiens,SARS-CoV-1,SARS coronavirus GZ-C,Homo sapiens,,1.0
AY394978,ITNLCPFGEVFNATKFPSVYAWERKKISNCVADYSVLYNSTFFSTFKCYGVSATKLNDLCFSNVYADSFVVKGDDVRQIAPGQTGVIADYNYKLPDDFMGCVLAWNTRNIDATSTGNYNYKYRYLRHGKLRPFERDISNVPFSPDGKPCTPPALNCYWPLNDYGFYTTTGIGYQPYRVVVLSFELLNAPATV,Severe acute respiratory syndrome-related coronavirus,Homo sapiens,SARS-CoV-1,SARS coronavirus GZ-B,Homo sapiens,,1.0
AY394977,ITNLCPFGEVFNATKFPSVYAWERKKISNCVADYSVLYNSTFFSTFKCYGVSATKLNDLCFSNVYADSFVVKGDDVRQIAPGQTGVIADYNYKLPDDFMGCVLAWNTRNIDATSTGNYNYKYRYLRHGKLRPFERDISNVPFSPDGKPCTPPALNCYWPLNDYGFYTTTGIGYQPYRVVVLSFELLNAPATV,Severe acute respiratory syndrome-related coronavirus,Homo sapiens,SARS-CoV-1,SARS coronavirus GZ-A,Homo sapiens,,1.0
AY304490,ITNLCPFGEVFNATKFPSVYAWERKRISNCVADYSVLYNSTFFSTFKCYGVSATKLNDLCFSNVYADSFVVKGDDVRQIAPGQTGVIADYNYKLPDDFMGCVLAWNTRNIDATSTGNYNYKYRYLRHGKLRPFERDISNVPFSPDGKPCTPPALNCYWPLNDYGFYTTTGIGYQPYRVVVLSFELLNAPATV,Severe acute respiratory syndrome-related coronavirus,Homo sapiens,SARS-CoV-1,SARS coronavirus GZ43,Homo sapiens,,1.0
AY304489,ITNLCPFGEVFNATKFPSVYAWERKRISNCVADYSVLYNSTSFSTFKCYGVSATKLNDLCFSNVYADSFVVKGDDVRQIAPGQTGVIADYNYKLPDDFMGCVLAWNTRNIDATSTGNYNYKYRYLRHGKLRPFERDISNVPFSPDGKPCTPPALNCYWPLKDYGFYTTSGIGYQPYRVVVLSFELLNAPATV,Severe acute respiratory syndrome-related coronavirus,Palm civet,Sarbecovirus,SARS coronavirus SZ1,Civet,,1.0
AY278489,ITNLCPFGEVFNATKFPSVYAWERKRISNCVADYSVLYNSTFFSTFKCYGVSATKLNDLCFSNVYADSFVVKGDDVRQIAPGQTGVIADYNYKLPDDFMGCVLAWNTRNIDATSTGNYNYKYRYLRHGKLRPFERDISNVPFSPDGKPCTPPALNCYWPLNDYGFYTTTGIGYQPYRVVVLSYELLNAPATV,Severe acute respiratory syndrome-related coronavirus,Homo sapiens,SARS-CoV-1,SARS coronavirus GD01,Homo sapiens,,1.0
MN996532,ITNLCPFGEVFNATTFASVYAWNRKRISNCVADYSVLYNSTSFSTFKCYGVSPTKLNDLCFTNVYADSFVITGDEVRQIAPGQTGKIADYNYKLPDDFTGCVIAWNSKHIDAKEGGNFNYLYRLFRKANLKPFERDISTEIYQAGSKPCNGQTGLNCYYPLYRYGFYPTDGVGHQPYRVVVLSFELLNAPATV,Severe acute respiratory syndrome-related coronavirus,Rhinolophus affinis,Sarbecovirus,Bat coronavirus RaTG13,Bat,,1.0
MT799521,ITNLCPFGEVFNATTFASVYAWNRKRISNCVADYSVLYNSTSFSTFKCYGVSPTKLNDLCFTNVYADSFVVRGDEVRQIAPGQTGRIADYNYKLPDDFTGCVIAWNSNNLDSKVGGNYNYLYRLFRKSNLKPFERDISTEIYQAGSTPCNGVEGFNCYFPLQSYGFHPTNGVGYQPYRVVVLSFELLNAPATV,Pangolin coronavirus,Manis javanica,Sarbecovirus,Pangolin coronavirus isolate cDNA8-S surface glycoprotein (S) gene,Pangolin,,1.0
JX163927,ITNLCPFGEVFNATKFPSVYAWERKKISNCVADYSVLYNSTFFSTFKCYGVSATKLNDLCFSNVYADSFVVKGDDVRQIAPGQTGVIADYNYKLPDDFMGCVLAWNTRNIDATSTGNYNYKYRYLRHGKLRPFERDISNVPFSPDGKPCTPPALNCYWPLNDYGFYTTTGIGYQPYRVVVLSFELLNAPATV,Severe acute respiratory syndrome-related coronavirus,Ferret,Sarbecovirus,SARS coronavirus Tor2 isolate Tor2/FP1-10851,Minks,,1.0
AY274119,ITNLCPFGEVFNATKFPSVYAWERKKISNCVADYSVLYNSTFFSTFKCYGVSATKLNDLCFSNVYADSFVVKGDDVRQIAPGQTGVIADYNYKLPDDFMGCVLAWNTRNIDATSTGNYNYKYRYLRHGKLRPFERDISNVPFSPDGKPCTPPALNCYWPLNDYGFYTTTGIGYQPYRVVVLSFELLNAPATV,Severe acute respiratory syndrome-related coronavirus,Homo sapiens,SARS-CoV-1,SARS coronavirus Tor2,Homo sapiens,,1.0
NC_014470,LCPFNEVFNITSFPSVYAWERMRITNCVADYSVLYNSSASFSTFQCYGVSPTKLNDLCFSSVYADYFVVKGDDVRQIAPAQTGVIADYNYKLPDDFTGCVIAWNTNSLDSSNEFFYRRFRHGKIKPYGRDLSNVLFNPSGGTCSAEGLNCYKPLASYGFTQSSGIGFQPYRVVVLSFELLNAPATVCGP,Bat coronavirus BM48-31/BGR/2008,Rhinolophus blasii,Sarbecovirus,Bat coronavirus BM48-31/BGR/2008,Bat,,0.0
AY278741,ITNLCPFGEVFNATKFPSVYAWERKKISNCVADYSVLYNSTFFSTFKCYGVSATKLNDLCFSNVYADSFVVKGDDVRQIAPGQTGVIADYNYKLPDDFMGCVLAWNTRNIDATSTGNYNYKYRYLRHGKLRPFERDISNVPFSPDGKPCTPPALNCYWPLNDYGFYTTTGIGYQPYRVVVLSFELLNAPATV,Severe acute respiratory syndrome-related coronavirus,Homo sapiens,SARS-CoV-1,SARS coronavirus Urbani,Homo sapiens,,1.0
DQ022305,FPNVYAWERTKISDCVADYTVLYNSTSFSTFKCYGVSPSKLIDLCFTSVYADTFLIRSSEVRQVAPGETGVIADYNYKLPDDFTGCVIAWNTAKHDTGNYYYRSHRKTKLKPFERDLSSDDGNGVYTLSTYDFNPNVPVAYQATRVVVLSFELLNAPATVCGPKLSTELVKNQCVN,Severe acute respiratory syndrome-related coronavirus,Bat,Sarbecovirus,Bat SARS coronavirus HKU3-1,Bat,,0.0
HQ890538,ITNLCPFGEVFNATKFPSVYAWERKKISNCVADYSVLYNSTFFSTFKCYGVSATKLNDLCFSNVYADSFVVKGDDVRQIAPGQTGVIADYNYKLPDDFMGCVLAWNTRNIDATSTGNHNYKYRYLRHGKLRPFERDISNVPFSPDGKPCTPPALNCYWPLNDYGFYTTTGIGYQPYRVVVLSFELLNAPATV,Severe acute respiratory syndrome-related coronavirus,Mus musculus,Sarbecovirus,SARS coronavirus MA15 ExoN1 isolate d2om5,Murine,,0.0
HQ890534,ITNLCPFGEVFNATKFPSVYAWERKKISNCVADYSVLYNSTFFSTFKCYGVSATKLNDLCFSNVYADSFVVKGDDVRQIAPGQTGVIADYNYKLPDDFMGCVLAWNTRNIDATSTGNHNYKYRYLXHGKLRPFERDISNVPFSPDGKPCTPPALNCYWPLNDYGFYTTTGIGYQPYRVVVLSFELLNAPATV,Severe acute respiratory syndrome-related coronavirus,Mus musculus,Sarbecovirus,SARS coronavirus MA15 ExoN1 isolate d2om1,Murine,,0.0
KC881005,ITNLCPFGEVFNATTFPSVYAWERKRISNCVADYSVLYNSTSFSTFKCYGVSATKLNDLCFSNVYADSFVVKGDDVRQIAPGQTGVIADYNYKLPDDFLGCVLAWNTNSKDSSTSGNYNYLYRWVRRSKLNPYERDLSNDIYSPGGQSCSAVGPNCYNPLRPYGFFTTAGVGHQPYRVVVLSFELLNAPATV,Severe acute respiratory syndrome-related coronavirus,Rhinolophus sinicus,Sarbecovirus,Bat SARS-like coronavirus RsSHC014,Bat,,1.0
KF367457,ITNLCPFGEVFNATTFPSVYAWERKRISNCVADYSVLYNSTSFSTFKCYGVSATKLNDLCFSNVYADSFVVKGDDVRQIAPGQTGVIADYNYKLPDDFTGCVLAWNTRNIDATQTGNYNYKYRSLRHGKLRPFERDISNVPFSPDGKPCTPPAFNCYWPLNDYGFYITNGIGYQPYRVVVLSFELLNAPATV,Severe acute respiratory syndrome-related coronavirus,Rhinolophus sinicus,Sarbecovirus,Bat SARS-like coronavirus WIV1,Bat,,1.0
AY463059,ITNLCPFGEVFNATKFPSVYAWERKKISNCVADYSVLYNSTFFSTFKCYGVSATKLNDLCFSNVYADSFVVKGDDVRQIAPGQTGVIADYNYKLPDDFMGCVLAWNTRNIDATSTGNYNYKYRYLRHGKLRPFERDISNVPFSPDGKPCTPPALNCYWPLNDYGFYTTTGIGYQPYRVVVLSFELLNAPATV,Severe acute respiratory syndrome-related coronavirus,Homo sapiens,SARS-CoV-1,SARS coronavirus ShanghaiQXC1,Homo sapiens,,1.0
FJ882931,ITNLCPFGEVFNATKFPSVYAWERKKISNCVADYSVLYNSTFFSTFKCYGVSATKLNDLCFSNVYADSFVVKGDDVRQIAPGQTGVIADYNYKLPDDFMGCVLAWNTRNIDATSTGNYNYKYRYLRHGKLRPFERDISNVPFSPDGKPCTPPALNCYWPLNDYGFYTTTGIGYQPYRVVVLSFELLNAPATV,Severe acute respiratory syndrome-related coronavirus,Homo sapiens,SARS-CoV-1,SARS coronavirus ExoN1 isolate P3pp12,Homo sapiens,,1.0
GQ153544,FPNVYAWERTKISDCVADYTVLYNSTSFSTFKCYGVSPSKLIDLCFTSVYADTFLIRSSEVRQVAPGETGVIADYNYKLPDDFTGCVIAWNTAKHDTGNYYYRSHRKTKLKPFERDLSSDDGNGVYTLSTYDFNPNVPVAYQATRVVVLSFELLNAPATVCGPKLSTELVKNQCVN,Severe acute respiratory syndrome-related coronavirus,Bat,Sarbecovirus,Bat SARS coronavirus HKU3-9,Bat,,0.0
AY310120,ITNLCPFGEVFNATKFPSVYAWERKKISNCVADYSVLYNSTFFSTFKCYGVSATKLNDLCFSNVYADSFVVKGDDVRQIAPGQTGVIADYNYKLPDDFMGCVLAWNTRNIDATSTGNYNYKYRYLRHGKLRPFERDISNVPFSPDGKPCTPPALNCYWPLNDYGFYTTTGIGYQPYRVVVLSFELLNAPATV,Severe acute respiratory syndrome-related coronavirus,Homo sapiens,SARS-CoV-1,SARS coronavirus FRA,Homo sapiens,,1.0
DQ412623,ITNLCPFGEVFNATKFPSVYAWERKKISNCVADYSVLYNSTFFSTFKCYGVSATKLNDLCFSNVYADSFVVKGDDVRQIAPGQTGVIADYNYKLPDDFMGCVLAWNTRNIDATSTGNYNYKYRYLRHGKLRPFERDISNVPFSPDGKPCTPPALNCYWPLNDYGFYTTTGIGYQPYRVVVLSFELLNAPATV,Severe acute respiratory syndrome-related coronavirus,Homo sapiens,SARS-CoV-1,SARS coronavirus isolate CUHKtc48TS nonfunctional spike glycoprotein (S) gene,Homo sapiens,,1.0
DQ412622,ITNLCPFGEVFNATKFPSVYAWERKKISNCVADYSVLYNSTFFSTFKCYGVSATKLNDLCFSNVYADSFVVKGDDVRQIAPGQTGVIADYNYKLPDDFMGCVLAWNTRNIDATSTGNYNYKYRYLRHGKLRPFERDISNVPFSPDGKPCTPPALNCYWPLNDYGFYTTTGIGYQPYRVVVLSFELLNAPATV,Severe acute respiratory syndrome-related coronavirus,Homo sapiens,SARS-CoV-1,SARS coronavirus isolate CUHKtc47NP nonfunctional spike glycoprotein (S) gene,Homo sapiens,,1.0
DQ412619,ITNLCPFGEVFNATKFPSVYAWERKKISNCVADYSVLYNSTFFSTFKCYGVSATKLNDLCFSNVYADSFVVKGDDVRQIAPGQTGVIADYNYKLPDDFMGCVLAWNTRNIDATSTGNYNYKYRYLRHGKLRPFERDISNVPFSPDGKPCTPPALNCYWPLNDYGFYTTTGIGYQPYRVVVLSFELLNAPATV,Severe acute respiratory syndrome-related coronavirus,Homo sapiens,SARS-CoV-1,SARS coronavirus isolate CUHKtc44NP nonfunctional spike glycoprotein (S) gene,Homo sapiens,,1.0
DQ412615,ITNLCPFGEVFNATKFPSVYAWERKKISNCVADYSVLYNSTFFSTFKCYGVSATKLNDLCFSNVYADSFVVKGDDVRQIAPGQTGVIADYNYKLPDDFMGCVLAWNTRNIDATSTGNYNYKYRYLRHGKLRPFERDISNVPFSPDGKPCTPPALNCYWPLNDYGFYTTTGIGYQPYRVVVLSFELLNAPATV,Severe acute respiratory syndrome-related coronavirus,Homo sapiens,SARS-CoV-1,SARS coronavirus isolate CUHKtc39TI spike glycoprotein (S) gene,Homo sapiens,,1.0
DQ412614,ITNLCPFGEVFNATKFPSVYAWERKKISNCVADYSVLYNSTFFSTFKCYGVSATKLNDLCFSNVYADSFVVKGDDVRQIAPGQTGVIADYNYKLPDDFMGCVLAWNTRNIDATSTGNYNYKYRYLRHGKLRPFERDISNVPFSPDGKPCTPPALNCYWPLNDYGFYTTTGIGYQPYRVVVLSFELLNAPATV,Severe acute respiratory syndrome-related coronavirus,Homo sapiens,SARS-CoV-1,SARS coronavirus isolate CUHKtc38NP spike glycoprotein (S) gene,Homo sapiens,,1.0
GU553363,ITNLCPFGEVFNATKFPSVYAWERKKISNCVADYSVLYNSTFFSTFKCYGVSATKLNDLCFSNVYADSFVVKGDDVRQIAPGQTGVIADYNYKLPDDFMGCVLAWNTRNIDATSTGNYNYKYRYLRHGKLRPFERDISNVPFSPDGKPCTPPALNCYWPLNDYGFYTTTGIGYQPYRVVVLSFELLNAPATV,Severe acute respiratory syndrome-related coronavirus,Homo sapiens,SARS-CoV-1,SARS coronavirus HKU-39849 isolate TCVSP-HARROD-00001,Homo sapiens,,1.0
AY572037,ITNLCPFGEVFNATKFPSVYAWERKRISNCVADYSVLYNSTSFSTFKCYGVSATKLNDLCFSNVYADSFVVKGDDVRQIAPGQTGVIADYNYKLPDDFMGCVLAWNTRNIDATSTGNYNYKYRYLRHGKLRPFERDISNVPFSSDGKPCTPPAPNCYWPLRGYGFYTTSGIGYQPYRVVVLSFELLNAPATV,Severe acute respiratory syndrome-related coronavirus,Viverridae,Sarbecovirus,SARS coronavirus civet019 spike glycoprotein gene,Civet,,1.0
AY279354,ITNLCPFGEVFNATKFPSVYAWERKKISNCVADYSVLYNSTFFSTFKCYGVSATKLNDLCFSNVYADSFVVKGDDVRQIAPGQTGVIADYNYKLPDDFMGCVLAWNTRNIDATSTGNYNYKYRYLRHGKLRPFERDISNVPFSPDGKPCTPPALNCYWPLNDYGFYTTTGIGYQPYRVVVLSFELLNAPATV,Severe acute respiratory syndrome-related coronavirus,Homo sapiens,SARS-CoV-1,SARS coronavirus BJ04,Homo sapiens,,1.0
AY278490,ITNLCPFGEVFNATKFPSVYAWERKKISNCVADYSVLYNSTFFSTFKCYGVSATKLNDLCFSNVYADSFVVKGDDVRQIAPGQTGVIADYNYKLPDDFMGCVLAWNTRNIDATSTGNYNYKYRYLRHGKLRPFERDISNVPFSPDGKPCTPPALNCYWPLNDYGFYTTTGIGYQPYRVVVLSFELLNAPATV,Severe acute respiratory syndrome-related coronavirus,Homo sapiens,SARS-CoV-1,SARS coronavirus BJ03,Homo sapiens,,1.0
AY304488,ITNLCPFGEVFNATKFPSVYAWERKRISNCVADYSVLYNSTSFSTFKCYGVSATKLNDLCFSNVYADSFVVKGDDVRQIAPGQTGVIADYNYKLPDDFMGCVLAWNTRNIDATSTGNYNYKYRYLRHGKLRPFERDISNVPFSPDGKPCTPPALNCYWPLKDYGFYTTSGIGYQPYRVVVLSFELLNAPATV,Severe acute respiratory syndrome-related coronavirus,Civet,Sarbecovirus,SARS coronavirus SZ16,Civet,,1.0
AY304486,ITNLCPFGEVFNATKFPSVYAWERKRISNCVADYSVLYNSTSFSTFKCYGVSATKLNDLCFSNVYADSFVVKGDDVRQIAPGQTGVIADYNYKLPDDFMGCVLAWNTRNIDATSTGNYNYKYRYLRHGKLRPFERDISNVPFSPDGKPCTPPALNCYWPLKDYGFYTTSGIGYQPYRVVVLSFELLNAPATV,Severe acute respiratory syndrome-related coronavirus,Civet,Sarbecovirus,SARS coronavirus SZ3,Civet,,1.0
FJ882957,ITNLCPFGEVFNATKFPSVYAWERKKISNCVADYSVLYNSTFFSTFKCYGVSATKLNDLCFSNVYADSFVVKGDDVRQIAPGQTGVIADYNYKLPDDFMGCVLAWNTRNIDATSTGNHNYKYRYLRHGKLRPFERDISNVPFSPDGKPCTPPALNCYWPLNDYGFYTTTGIGYQPYRVVVLSFELLNAPATV,Severe acute respiratory syndrome-related coronavirus,BALB/c mice,Sarbecovirus,SARS coronavirus MA15,Murine,,0.0
FJ882951,ITNLCPFGEVFNATKFPSVYAWERKKISNCVADYSVLYNSTFFSTFKCYGVSATKLNDLCFSNVYADSFVVKGDDVRQIAPGQTGVIADYNYKLPDDFMGCVLAWNTRNIDATSTGNHNYKYRYLRHGKLRPFERDISNVPFSPDGKPCTPPALNCYWPLNDYGFYTTTGIGYQPYRVVVLSFELLNAPATV,Severe acute respiratory syndrome-related coronavirus,BALB/c mice,Sarbecovirus,SARS coronavirus MA15 ExoN1 isolate P3pp3,Murine,,0.0
AY687372,ITNLCPFGEVFNATKFPSVYAWERKRISNCVADYSVLYNSTSFSTFKCYGVSATKLNDLCFSNVYADSFVVKGDDVRQIAPGQTGVIADYNYKLPDDFMGCVLAWNTRNIDATSTGNYNYKYRYLRHGKLRPFERDISNVPFSPDGKPCTPPAPNCYWPLRGYGFYTTSGIGYQPYRVVVLSFELLNAPATV,Severe acute respiratory syndrome-related coronavirus,Palm civet,Sarbecovirus,SARS coronavirus C029 spike glycoprotein gene,Civet,,1.0
AY687371,ITNLCPFGEVFNATKFPSVYAWERKRISNCVADYSVLYNSTSFSTFKCYGVSATKLNDLCFSNVYADSFVVKGDDVRQIAPGQTGVIADYNYKLPDDFMGCVLAWNTRNIDATSTGNYNYKYRYLRHGKLRPFERDISNVPFSPDGKPCTPPAPNCYWPLRGYGFYTTSGIGYQPYRVVVLSFELLNAPATV,Severe acute respiratory syndrome-related coronavirus,Palm civet,Sarbecovirus,SARS coronavirus C028 spike glycoprotein gene,Civet,,1.0
AY687365,ITNLCPFGEVFNATKFPSVYAWERKRISNCVADYSVLYNSTSFSTFKCYGVSATKLNDLCFSNVYADSFVVKGDDVRQIAPGQTGVIADYNYKLPDDFMGCVLAWNTRNIDATSTGNYNYKFRYLRHGKLRPFERDISNVPFSPDGKPCTPPAPNCYWPLRGYGFYTTSGIGYQPYRVVVLSFELLNAPATV,Severe acute respiratory syndrome-related coronavirus,Palm civet,Sarbecovirus,SARS coronavirus C013 spike glycoprotein gene,Civet,,1.0
AY687361,ITNLCPFGEVFNATKFPSVYAWERKRISNCVADYSVLYNSTSFSTFKCYGVSATKLNDLCFSNVYADSFVVKGDDVRQIAPGQTGVIADYNYKLPDDFMGCVLAWNTRNIDATSTGNYNYKYRYLRHGKLRPFERDISNVPFSSDGKPCTPPAPNCYWPLRGYGFYTTSGIGYQPYRVVVLSFELLNAPATV,Severe acute respiratory syndrome-related coronavirus,Palm civet,Sarbecovirus,SARS coronavirus B029 spike glycoprotein gene,Civet,,1.0
AY687359,ITNLCPFGEVFNATKFPSVYAWERKRISNCVADYSVLYNSTSFSTFKCYGVSATKLNDLCFSNVYADSFVVKGDDVRQIAPGQTGVIADYNYKLPDDFMGCVLAWNTRNIDATSTGNYNYKYRYLRHGKLRPFERDISNVPFSPDGKPCTPPAPNCYWPLNGYGFYTTSGIGYQPYRVVVLSFELLNAPATV,Severe acute respiratory syndrome-related coronavirus,Palm civet,Sarbecovirus,SARS coronavirus B012 spike glycoprotein gene,Civet,,1.0
AY687355,ITNLCPFGEVFNATKFPSVYAWERKRISNCVADYSVLYNSTSFSTFKCYGVSATKLNDLCFSNVYADSFVVKGDDVRQIAPGQTGVIADYNYKLPDDFMGCVLAWNTRNIDATSTGNYNYKYRYLRHGKLRPFERDISNVPFSPDGKPCTPPAPNCYWPLRGYGFYTTSGIGYQPYRVVVLSFELLNAPATV,Severe acute respiratory syndrome-related coronavirus,Palm civet,Sarbecovirus,SARS coronavirus A013 spike glycoprotein gene,Civet,,1.0
AY687354,ITNLCPFGEVFNATKFPSVYAWERKRISNCVADYSVLYNSTSFSTFKCYGVSATKLNDLCFSNVYADSFVVKGDDVRQIAPGQTGVIADYNYKLPDDFMGCVLAWNTRNIDATSTGNYNYKXRYLRHGKLRPFERDISNVPFSPXGKPCTPPAPNCYWPLRGYGFYTTSGIGYQPYRVVVLSFELLNAPATV,Severe acute respiratory syndrome-related coronavirus,Palm civet,Sarbecovirus,SARS coronavirus A001 spike glycoprotein gene,Civet,,1.0
AY686863,ITNLCPFGEVFNATKFPSVYAWERKRISNCVADYSVLYNSTSFSTFKCYGVSATKLNDLCFSNVYADSFVVKGDDVRQIAPGQTGVIADYNYKLPDDFMGCVLAWNTRNIDATSTGNYNYKYRYLRHGKLRPFERDISNVPFSSDGKPCTPPAPNCYWPLRGYGFYTTSGIGYQPYRVVVLSFELLNAPATV,Severe acute respiratory syndrome-related coronavirus,Paradoxurus hermaphroditus,Sarbecovirus,SARS coronavirus A022,Civet,,1.0
AY572038,ITNLCPFGEVFNATKFPSVYAWERKRISNCVADYSVLYNSTSFSTFKCYGVSATKLNDLCFSNVYADSFVVKGDDVRQIAPGQTGVIADYNYKLPDDFMGCVLAWNTRNIDATSTGNYNYKYRYLRHGKLRPFERDISNVPFSPDGKPCTPPAPNCYWPLRGYGFYTTSGIGYQPYRVVVLSFELLNAPATV,Severe acute respiratory syndrome-related coronavirus,Viverridae,Sarbecovirus,SARS coronavirus civet020,Civet,,1.0
AY572034,ITNLCPFGEVFNATKFPSVYAWERKRISNCVADYSVLYNSTSFSTFKCYGVSATKLNDLCFSNVYADSFVVKGDDVRQIAPGQTGVIADYNYKLPDDFMGCVLAWNTRNIDATSTGNYNYKYRYLRHGKLRPFERDISNVPFSSDGKPCTPPAPNCYWPLRGYGFYTTSGIGYQPYRVVVLSFELLNAPATV,Severe acute respiratory syndrome-related coronavirus,Viverridae,Sarbecovirus,SARS coronavirus civet007,Civet,,1.0
AY525636,ITNLCPFGEVFNATKFPSVYAWERKRISNCVADYSVLYNSTSFSTFKCYGVSATKLNDLCFSNVYADSFVVKGDDVRQIAPGQTGVIADYNYKLPDDFMGCVLAWNTRNIDATSTGNYNYKYRYLRHGKLRPFERDISNVPFSPDGKPCTPPAPNCYWPLNGYGFYTTSGIGYQPYRVVVLSFELLNAPATV,Severe acute respiratory syndrome-related coronavirus,Homo sapiens,SARS-CoV-1,SARS coronavirus GD03T0013 spike glycoprotein gene,Homo sapiens,,1.0
AY278554,ITNLCPFGEVFNATKFPSVYAWERKKISNCVADYSVLYNSTFFSTFKCYGVSATKLNDLCFSNVYADSFVVKGDDVRQIAPGQTGVIADYNYKLPDDFMGCVLAWNTRNIDATSTGNYNYKYRYLRHGKLRPFERDISNVPFSPDGKPCTPPALNCYWPLNDYGFYTTTGIGYQPYRVVVLSFELLNAPATV,Severe acute respiratory syndrome-related coronavirus,Homo sapiens,SARS-CoV-1,SARS coronavirus CUHK-W1,Homo sapiens,,1.0
EU371560,ITNLCPFGEVFNATKFPSVYAWERKKISNCVADYSVLYNSTFFSTFKCYGVSATKLNDLCFSNVYADSFVVKGDDVRQIAPGQTGVIADYNYKLPDDFMGCVLAWNTRNIDATSTGNYNYKYRYLRHGKLRPFERDISNVPFSPDGKPCTPPALNCYWPLNDYGFYTTTGIGYQPYRVVVLSFELLNAPATV,Severe acute respiratory syndrome-related coronavirus,Homo sapiens,SARS-CoV-1,SARS coronavirus BJ182a,Homo sapiens,,1.0
AB257344,ITNLCPFGEVFNATKFPSVYAWERKKISNCVADYSVLYNSTFFSTFKCYGVSATKLNDLCFSNVYADSFVVKGDDVRQIAPGQTGVIADYNYKLPDDFMGCVLAWNTRNIDATSTGNYNYKYRCLRHGKLRPFERDISNVPFSPDGKPCTPPAFNCYWPLNDYGFYTTTGIGYQPYRVVVLSFELLNAPATV,Severe acute respiratory syndrome-related coronavirus,Homo sapiens,SARS-CoV-1,SARS coronavirus Frankfurt 1 genomic RNA,Homo sapiens,,1.0
AY613950,ITNLCPFGEVFNATKFPSVYAWERKRISNCVADYSVLYNSTSFSTFKCYGVSATKLNDLCFSNVYADSFVVKGDDVRQIAPGQTGVIADYNYKLPDDFMGCVLAWNTRNIDATSTGNYNYKYRYLRHGKLRPFERDISNVPFSPDGKPCTPPAPNCYWPLNGYGFYTTSGIGYQPYRVVVLSFELLNAPATV,Severe acute respiratory syndrome-related coronavirus,Paradoxurus hermaphroditus,Sarbecovirus,SARS coronavirus PC4-227,Civet,,1.0
AY559081,ITNLCPFGEVFNATKFPSVYAWERKKISNCVADYFVLYNSTFFSTFKCYGVSATKLNDLCFSNVYADSFVVKGDDVRQIAPGQTGVIADYNYKLPDDFMGCVLAWNTRNIDATSTGNYNYKYRYLRHGKLRPFERDISNVPFSPDGKPCTPPALNCYWPLNDYGFYTTTGIGYQPYRVVVLSFELLNAPATV,Severe acute respiratory syndrome-related coronavirus,Homo sapiens,SARS-CoV-1,SARS coronavirus Sin842,Homo sapiens,,1.0
AY394999,ITNLCPFGEVFNATKFPSVYAWERKKISNCVADYSVLYNSTFFSTFKCYGVSATKLNDLCFSNVYADSFVVKGDDVRQIAPGQTGVIADYNYKLPDDFMGCVLAWNTRNIDATSTGNYNYKYRYLRHGKLRPFERDISNVPFSPDGKPCTPPALNCYWPLNDYGFYTTTGIGYQPYRVVVLSFELLNAPATV,Severe acute respiratory syndrome-related coronavirus,Homo sapiens,SARS-CoV-1,SARS coronavirus LC2,Homo sapiens,,1.0
AY394997,ITNLCPFGEVFNATKFPSVYAWERKRISNCVADYSVLYNSTFFSTFKCYGVSATKLNDLCFSNVYADSFVVKGDDVRQIAPGQTGVIADYNYKLPDDFMGCVLAWNTRNIDATSTGNYNYKYRYLRHGKLRPFERDISNVPFSPDGKPCTPPALNCYWPLNDYGFYTTTGIGYQPYRVVVLSFELLNAPATV,Severe acute respiratory syndrome-related coronavirus,Homo sapiens,SARS-CoV-1,SARS coronavirus ZS-A,Homo sapiens,,1.0
AY394987,ITNLCPFGEVFNATKFPSVYAWERKKISNCVADYSVLYNSTFFSTFKCYGVSATKLNDLCFSNVYADSFVVKGDDVRQIAPGQTGVIADYNYKLPDDFMGCVLAWNTRNIDATSTGNYNYKYRYLRHGKLRPFERDISNVPFSPDGKPCTPPALNCYWPLNDYGFYTTTGIGYQPYRVVVLSFELLNAPATV,Severe acute respiratory syndrome-related coronavirus,Homo sapiens,SARS-CoV-1,SARS coronavirus HZS2-Fb,Homo sapiens,,1.0
AY394986,ITNLCPFGEVFNATKFPSVYAWERKKISNCVADYSVLYNSTFFSTFKCYGVSATKLNDLCFSNVYADSFVVKGDDVRQIAPGQTGVIADYNYKLPDDFMGCVLAWNTRNIDATSTGNYNYKYRYLRHGKLRPFERDISNVPFSPDGKPCTPPALNCYWPLNDYGFYTTTGIGYQPYRVVVLSFELLNAPATV,Severe acute respiratory syndrome-related coronavirus,Homo sapiens,SARS-CoV-1,SARS coronavirus HSZ-Cb,Homo sapiens,,1.0
AY394985,ITNLCPFGEVFNATKFPSVYAWERKKISNCVADYSVLYNSTFFSTFKCYGVSATKLNDLCFSNVYADSFVVKGDDVRQIAPGQTGVIADYNYKLPDDFMGCVLAWNTRNIDATSTGNYNYKYRYLRHGKLRPFERDISNVPFSPDGKPCTPPALNCYWPLNDYGFYTTTGIGYQPYRVVVLSFELLNAPATV,Severe acute respiratory syndrome-related coronavirus,Homo sapiens,SARS-CoV-1,SARS coronavirus HSZ-Bb,Homo sapiens,,1.0
AY394981,ITNLCPFGEVFNATKFPSVYAWERKRISNCVADYSVLYNSTFFSTFKCYGVSATKLNDLCFSNVYADSFVVKGDDVRQIAPGQTGVIADYNYKLPDDFMGCVLAWNTRNIDATSTGNYNYKYRYLRHGKLRPFERDISNVPFSPDGKPCTPPALNCYWPLNDYGFYTTTGIGYQPYRVVVLSFELLNAPATV,Severe acute respiratory syndrome-related coronavirus,Homo sapiens,SARS-CoV-1,SARS coronavirus HGZ8L1-A,Homo sapiens,,1.0
AY304495,ITNLCPFGEVFNATKFPSVYAWERKKISNCVADYSVLYNSTFFSTFKCYGVSATKLNDLCFSNVYADSFVVKGDDVRQIAPGQTGVIADYNYKLPDDFMGCVLAWNTRNIDATSTGNYNYKYRYLRHGKLRPFERDISNVPFSPDGKPCTPPALNCYWPLNDYGFYTTTGIGYQPYRVVVLSFELLNAPATV,Severe acute respiratory syndrome-related coronavirus,Homo sapiens,SARS-CoV-1,SARS coronavirus GZ50,Homo sapiens,,1.0
AY304491,ITNLCPFGEVFNATKFPSVYAWERKRISNCVADYSVLYNSTFFSTFKCYGVSATKLNDLCFSNVYADSFVVKGDDVRQIAPGQTGVIADYNYKLPDDFMGCVLAWNTRNIDATSTGNYNYKYRYLRHGKLRPFERDISNVPFSPDGKPCTPPALNCYWPLNDYGFYTTTGIGYQPYRVVVLSFELLNAPATV,Severe acute respiratory syndrome-related coronavirus,Homo sapiens,SARS-CoV-1,SARS coronavirus GZ60,Homo sapiens,,1.0
