Accession,Virus,Host_agg,Species_agg,vsWuhan,vsTor2,vsMers,vsOC43,vsHKU1,vs229E,vsNL63,MaxSim,Binds,Source,Binds_prob,Binds_predicted
AY274119,SARS coronavirus Tor2,Homo sapiens,SARS-CoV-1,75.96,100.0,34.79,37.15,34.92,34.8,30.13,100.0,1.0,Train,0.9412225221364772,1
AY394987,SARS coronavirus HZS2-Fb,Homo sapiens,SARS-CoV-1,76.04,99.84,34.54,37.15,34.92,34.8,30.26,99.84,1.0,Train,0.9412225221364772,1
AY278741,SARS coronavirus Urbani,Homo sapiens,SARS-CoV-1,76.04,99.92,34.79,37.15,34.92,34.8,30.26,99.92,1.0,Train,0.9412225221364772,1
AY310120,SARS coronavirus FRA,Homo sapiens,SARS-CoV-1,75.96,99.84,34.89,37.02,34.79,34.8,30.13,99.84,1.0,Train,0.9412225221364772,1
JX163927,SARS coronavirus Tor2 isolate Tor2/FP1-10851,Minks,Sarbecovirus,75.96,99.92,34.79,37.15,34.92,34.8,29.89,99.92,1.0,Train,0.9412225221364772,1
AY714217,SARS Coronavirus CDC#200301157,Homo sapiens,SARS-CoV-1,75.96,99.84,34.79,37.29,34.92,34.8,30.11,99.84,1.0,Train,0.9412225221364772,1
DQ412578,SARS coronavirus isolate CUHKcs52UR spike glycoprotein (S) gene,Homo sapiens,SARS-CoV-1,76.04,99.84,34.89,37.15,34.92,34.8,30.26,99.84,1.0,Train,0.9071987379310348,1
DQ412596,SARS coronavirus isolate CUHKtc14NP spike glycoprotein (S) gene,Homo sapiens,SARS-CoV-1,75.96,99.84,34.79,37.15,34.92,34.8,30.26,99.84,1.0,Train,0.9412225221364772,1
FJ882951,SARS coronavirus MA15 ExoN1 isolate P3pp3,Murine,Sarbecovirus,75.88,99.76,34.79,37.02,34.66,34.8,30.26,99.76,0.0,Train,0.6240887861744931,1
FJ882957,SARS coronavirus MA15,Murine,Sarbecovirus,75.96,99.84,34.79,37.15,34.92,34.8,30.26,99.84,0.0,Train,0.6240887861744931,1
AY278554,SARS coronavirus CUHK-W1,Homo sapiens,SARS-CoV-1,76.12,99.76,34.54,37.15,34.92,34.8,30.26,99.76,1.0,Test,0.9412225221364772,1
FJ882931,SARS coronavirus ExoN1 isolate P3pp12,Homo sapiens,SARS-CoV-1,76.12,99.84,34.79,37.15,34.92,34.97,30.38,99.84,1.0,Test,0.9412225221364772,1
AY394978,SARS coronavirus GZ-B,Homo sapiens,SARS-CoV-1,75.96,99.84,34.79,37.15,34.92,34.8,30.26,99.84,1.0,Train,0.9412225221364772,1
DQ412588,SARS coronavirus isolate CUHKtc04NP spike glycoprotein (S) gene,Homo sapiens,SARS-CoV-1,75.96,99.84,34.79,37.15,34.92,34.8,30.26,99.84,1.0,Train,0.9412225221364772,1
AY485277,SARS coronavirus Sino1-11,Homo sapiens,SARS-CoV-1,76.04,99.84,34.35,37.15,34.92,34.8,30.26,99.84,1.0,Train,0.9279544414467528,1
GU553363,SARS coronavirus HKU-39849 isolate TCVSP-HARROD-00001,Homo sapiens,SARS-CoV-1,75.96,99.84,34.89,37.15,34.92,34.97,30.26,99.84,1.0,Train,0.9412225221364772,1
DQ412594,SARS coronavirus isolate CUHKtc10NP spike glycoprotein (S) gene,Homo sapiens,SARS-CoV-1,77.04,99.84,34.79,37.15,34.92,34.8,30.26,99.84,1.0,Train,0.9412225221364772,1
FJ882949,SARS coronavirus wtic-MB isolate P3pp23,Homo sapiens,SARS-CoV-1,75.96,99.84,34.7,37.15,34.92,34.8,30.26,99.84,1.0,Train,0.9412225221364772,1
AY394979,SARS coronavirus GZ-C,Homo sapiens,SARS-CoV-1,75.88,99.76,34.89,37.29,35.05,34.97,30.38,99.76,1.0,Train,0.6240887861744931,1
AY394999,SARS coronavirus LC2,Homo sapiens,SARS-CoV-1,75.96,99.84,34.7,37.15,34.92,34.8,30.17,99.84,1.0,Train,0.9412225221364772,1
FJ882963,SARS coronavirus P2,Homo sapiens,SARS-CoV-1,75.88,99.76,34.79,37.29,34.92,34.8,30.11,99.76,1.0,Train,0.9412225221364772,1
DQ412575,SARS coronavirus isolate CUHKcs04ST spike glycoprotein (S) gene,Homo sapiens,SARS-CoV-1,75.96,99.84,34.79,37.15,34.92,34.8,30.26,99.84,1.0,Train,0.9484057838157964,1
AY559081,SARS coronavirus Sin842,Homo sapiens,SARS-CoV-1,75.96,99.84,34.79,37.15,34.92,34.8,30.26,99.84,1.0,Test,0.9453230601391526,1
DQ412615,SARS coronavirus isolate CUHKtc39TI spike glycoprotein (S) gene,Homo sapiens,SARS-CoV-1,76.04,99.84,34.79,37.15,34.92,34.8,30.26,99.84,1.0,Train,0.9412225221364772,1
HQ890538,SARS coronavirus MA15 ExoN1 isolate d2om5,Murine,Sarbecovirus,75.88,99.76,34.79,37.15,34.92,34.8,30.26,99.76,0.0,Train,0.6240887861744931,1
FJ882950,SARS coronavirus ExoN1 isolate P3pp60,Homo sapiens,SARS-CoV-1,76.04,99.76,34.7,37.15,34.92,34.73,30.38,99.76,1.0,Train,0.9412225221364772,1
AY279354,SARS coronavirus BJ04,Homo sapiens,SARS-CoV-1,75.96,99.76,34.54,37.15,34.92,34.64,30.13,99.76,1.0,Test,0.9412225221364772,1
AY463059,SARS coronavirus ShanghaiQXC1,Homo sapiens,SARS-CoV-1,75.88,99.76,34.79,37.02,34.92,34.8,30.24,99.76,1.0,Test,0.9412225221364772,1
AY772062,SARS coronavirus WH20,Homo sapiens,SARS-CoV-1,76.04,99.68,34.79,37.15,34.79,34.64,30.05,99.68,1.0,Train,0.9412225221364772,1
DQ412609,SARS coronavirus isolate CUHKtc32NP spike glycoprotein (S) gene,Homo sapiens,SARS-CoV-1,75.88,99.76,34.7,37.15,34.92,34.8,30.17,99.76,1.0,Test,0.9412225221364772,1
DQ412628,SARS coronavirus isolate CUHKtc53L spike glycoprotein (S) gene,Homo sapiens,SARS-CoV-1,75.96,99.76,34.7,37.15,34.92,34.8,30.17,99.76,1.0,Train,0.9412225221364772,1
JX162087,SARS coronavirus ExoN1 isolate c5P10,Homo sapiens,SARS-CoV-1,75.88,99.76,34.72,37.37,34.92,34.8,30.26,99.76,1.0,Train,0.9412225221364772,1
EU371563,SARS coronavirus BJ182-8,Homo sapiens,SARS-CoV-1,75.88,99.76,34.7,37.37,34.79,34.64,30.13,99.76,1.0,Train,0.9412225221364772,1
AY654624,SARS coronavirus TJF,Homo sapiens,SARS-CoV-1,75.88,99.68,34.79,37.15,34.79,34.11,30.26,99.68,1.0,Test,0.9412225221364772,1
FJ882942,SARS coronavirus MA15 ExoN1 isolate P3pp5,Murine,Sarbecovirus,75.88,99.68,34.79,37.02,34.66,34.8,30.26,99.68,0.0,Train,0.6240887861744931,1
AY429072,SARS coronavirus BJ302 clone 1 spike glycoprotein gene,Homo sapiens,SARS-CoV-1,75.88,99.68,34.63,37.15,34.92,34.97,30.38,99.68,1.0,Train,0.941222522136477,1
DQ412617,SARS coronavirus isolate CUHKtc42NP spike glycoprotein (S) gene,Homo sapiens,SARS-CoV-1,75.88,99.76,34.79,37.15,34.92,34.8,30.26,99.76,1.0,Train,0.9325185464920897,1
JX163926,SARS coronavirus Tor2 isolate Tor2/FP1-10912,Minks,Sarbecovirus,75.88,99.84,34.79,37.15,34.92,34.8,29.89,99.84,1.0,Test,0.9070043166566084,1
DQ412614,SARS coronavirus isolate CUHKtc38NP spike glycoprotein (S) gene,Homo sapiens,SARS-CoV-1,75.96,99.76,34.79,37.15,34.92,34.8,30.26,99.76,1.0,Train,0.9412225221364772,1
HQ890534,SARS coronavirus MA15 ExoN1 isolate d2om1,Murine,Sarbecovirus,75.88,99.76,34.79,37.15,34.92,34.8,30.26,99.76,0.0,Train,0.5027782116428432,1
FJ882940,SARS coronavirus ExoN1 isolate P3pp37,Homo sapiens,SARS-CoV-1,75.96,99.68,34.82,37.29,35.05,35.13,30.5,99.68,1.0,Train,0.9412225221364772,1
FJ882956,SARS coronavirus ExoN1 isolate P3pp53,Homo sapiens,SARS-CoV-1,76.04,99.76,34.79,37.15,34.92,34.97,30.38,99.76,1.0,Train,0.9412225221364772,1
AY394992,SARS coronavirus HZS2-C,Homo sapiens,SARS-CoV-1,76.04,99.68,34.63,37.02,34.79,34.8,30.13,99.68,1.0,Train,0.9412225221364772,1
EU371562,SARS coronavirus BJ182-4,Homo sapiens,SARS-CoV-1,75.9,99.68,34.7,37.37,34.79,34.64,30.13,99.68,1.0,Train,0.9412225221364772,1
FJ882941,SARS coronavirus ExoN1 isolate P3pp8,Homo sapiens,SARS-CoV-1,76.04,99.68,34.7,37.15,34.92,34.97,30.26,99.68,1.0,Test,0.9412225221364772,1
AY559093,SARS coronavirus Sin845,Homo sapiens,SARS-CoV-1,75.88,99.76,34.79,37.15,34.92,34.64,30.13,99.76,1.0,Train,0.9453230601391526,1
FJ882944,SARS coronavirus ExoN1 isolate P3pp23,Homo sapiens,SARS-CoV-1,76.12,99.76,34.79,37.15,34.92,34.97,30.38,99.76,1.0,Train,0.9412225221364772,1
EU371560,SARS coronavirus BJ182a,Homo sapiens,SARS-CoV-1,75.72,99.6,34.6,37.24,34.66,34.31,30.01,99.6,1.0,Train,0.9412225221364772,1
AY278487,SARS coronavirus BJ02,Homo sapiens,SARS-CoV-1,76.12,99.68,34.7,37.15,34.92,34.8,30.26,99.68,1.0,Test,0.9412225221364772,1
FJ882960,SARS coronavirus ExoN1 isolate P3pp34,Homo sapiens,SARS-CoV-1,76.04,99.76,34.7,37.02,34.79,34.8,30.38,99.76,1.0,Train,0.9412225221364772,1
AB263618,SARS coronavirus Frankfurt1-v01 S gene for spike glycoprotein,Homo sapiens,SARS-CoV-1,75.72,99.6,34.82,37.37,34.92,34.97,30.26,99.6,1.0,Test,0.9412225221364772,1
AY648300,SARS coronavirus HHS-2004 spike protein (S) mRNA,Homo sapiens,SARS-CoV-1,75.88,99.52,34.7,37.02,34.79,34.64,29.93,99.52,1.0,Train,0.9055482244205596,1
FJ882929,SARS coronavirus ExoN1 isolate P3pp1,Homo sapiens,SARS-CoV-1,75.96,99.6,34.79,37.15,34.79,34.81,30.38,99.6,1.0,Train,0.9412225221364772,1
AY394985,SARS coronavirus HSZ-Bb,Homo sapiens,SARS-CoV-1,76.12,99.6,34.79,37.29,34.79,34.8,30.26,99.6,1.0,Train,0.9412225221364772,1
AY278490,SARS coronavirus BJ03,Homo sapiens,SARS-CoV-1,76.19,99.52,34.63,37.02,34.92,34.8,30.26,99.52,1.0,Train,0.9412225221364772,1
DQ514532,SARS coronavirus CS24 spike glycoprotein gene,Civet,Sarbecovirus,75.96,99.68,34.98,37.15,34.92,34.8,30.13,99.68,1.0,Train,0.9484197872856872,1
DQ514531,SARS coronavirus CS21 spike glycoprotein gene,Civet,Sarbecovirus,76.04,99.6,35.08,37.15,34.92,34.8,30.26,99.6,1.0,Test,0.9572417467389646,1
KF514407,SARS coronavirus ExoN1 strain SARS/VeroE6_lab/USA/ExoN1_c5.7P20/2010,Homo sapiens,SARS-CoV-1,75.88,99.6,34.19,37.37,34.92,34.64,30.38,99.6,1.0,Train,0.9279544414467528,1
AY304495,SARS coronavirus GZ50,Homo sapiens,SARS-CoV-1,76.12,99.6,34.79,37.29,34.79,34.8,30.26,99.6,1.0,Test,0.9412225221364772,1
AY394977,SARS coronavirus GZ-A,Homo sapiens,SARS-CoV-1,76.12,99.68,34.79,37.29,34.79,34.8,30.26,99.68,1.0,Train,0.9412225221364772,1
AY394986,SARS coronavirus HSZ-Cb,Homo sapiens,SARS-CoV-1,76.04,99.52,34.79,37.48,34.79,34.8,30.26,99.52,1.0,Train,0.9412225221364772,1
EU371564,SARS coronavirus BJ182-12,Homo sapiens,SARS-CoV-1,75.8,99.6,34.7,37.37,34.79,34.32,29.88,99.6,1.0,Train,0.9412225221364772,1
AY429077,SARS coronavirus BJ302 clone 6 spike glycoprotein gene,Homo sapiens,SARS-CoV-1,75.8,99.52,34.98,37.15,34.92,34.97,30.38,99.52,1.0,Test,0.9517549614801362,1
AY429074,SARS coronavirus BJ302 clone 3 spike glycoprotein gene,Homo sapiens,SARS-CoV-1,75.8,99.52,34.44,37.02,34.79,34.97,30.38,99.52,1.0,Train,0.9517549614801362,1
AY429075,SARS coronavirus BJ302 clone 4 spike glycoprotein gene,Homo sapiens,SARS-CoV-1,75.8,99.52,34.79,37.02,34.79,34.97,30.38,99.52,1.0,Train,0.9517549614801362,1
AB257344,SARS coronavirus Frankfurt 1 genomic RNA,Homo sapiens,SARS-CoV-1,75.8,99.44,34.79,37.24,34.66,34.8,30.13,99.44,1.0,Train,0.9115287240735012,1
AY394988,SARS coronavirus JMD,Homo sapiens,SARS-CoV-1,76.35,99.44,34.7,37.29,34.79,34.8,30.26,99.44,1.0,Train,0.9392319068727502,1
DQ514530,SARS coronavirus ES260 spike glycoprotein gene,Civet,Sarbecovirus,76.12,99.44,35.17,37.15,34.92,34.8,30.26,99.44,1.0,Train,0.9675024292872556,1
AY429073,SARS coronavirus BJ302 clone 2 spike glycoprotein gene,Homo sapiens,SARS-CoV-1,75.72,99.44,34.79,37.02,34.79,34.97,30.38,99.44,1.0,Test,0.951754961480136,1
AY390556,SARS coronavirus GZ02,Homo sapiens,SARS-CoV-1,76.27,99.36,34.7,37.29,34.79,34.8,30.26,99.36,1.0,Train,0.9392319068727502,1
DQ640652,SARS coronavirus GDH-BJH01,Homo sapiens,SARS-CoV-1,76.12,99.44,34.82,37.29,34.92,34.8,29.94,99.44,1.0,Test,0.9412225221364772,1
AH012999,SARS coronavirus Shanhgai LY polyprotein gene,Homo sapiens,SARS-CoV-1,75.72,99.44,34.7,37.02,34.79,34.48,30.01,99.44,1.0,Train,0.6644884326141304,1
AY394997,SARS coronavirus ZS-A,Homo sapiens,SARS-CoV-1,76.43,99.36,34.7,37.29,34.79,34.8,30.26,99.36,1.0,Train,0.9392319068727502,1
DQ514529,SARS coronavirus ES191 spike glycoprotein gene,Civet,Sarbecovirus,76.04,99.28,35.17,37.29,34.92,34.64,30.13,99.28,1.0,Train,0.9594791884135674,1
AY278489,SARS coronavirus GD01,Homo sapiens,SARS-CoV-1,76.19,99.28,34.6,37.29,34.92,34.8,30.38,99.28,1.0,Test,0.970480790701508,1
AY429076,SARS coronavirus BJ302 clone 5 spike glycoprotein gene,Homo sapiens,SARS-CoV-1,75.72,99.36,34.79,37.02,34.79,34.97,30.38,99.36,1.0,Test,0.9517549614801362,1
AY429079,SARS coronavirus BJ302 clone 8 spike glycoprotein gene,Homo sapiens,SARS-CoV-1,75.72,99.36,34.79,37.02,34.79,34.97,30.38,99.36,1.0,Train,0.9517549614801362,1
AY394981,SARS coronavirus HGZ8L1-A,Homo sapiens,SARS-CoV-1,76.35,99.2,34.7,37.29,34.79,34.64,30.26,99.2,1.0,Test,0.9392319068727502,1
DQ514528,SARS coronavirus WF188 spike glycoprotein gene,Civet,Sarbecovirus,76.04,98.96,35.08,37.15,35.05,34.49,30.11,98.96,1.0,Test,0.9594791884135672,1
AY304491,SARS coronavirus GZ60,Homo sapiens,SARS-CoV-1,76.35,99.12,34.7,37.29,34.92,34.33,30.26,99.12,1.0,Train,0.9392319068727502,1
AY304490,SARS coronavirus GZ43,Homo sapiens,SARS-CoV-1,76.35,98.96,34.7,37.29,34.92,34.33,30.26,98.96,1.0,Train,0.9392319068727502,1
AY627045,SARS coronavirus PC4-137 spike glycoprotein gene,Civet,Sarbecovirus,76.12,98.73,35.17,37.29,34.92,34.49,30.45,98.73,1.0,Train,0.9700616860015364,1
AY627048,SARS coronavirus PC4-241 spike glycoprotein gene,Civet,Sarbecovirus,76.04,98.73,35.08,37.29,34.92,34.49,30.45,98.73,1.0,Train,0.9675024292872556,1
AY572036,SARS coronavirus civet014 spike glycoprotein gene,Civet,Sarbecovirus,75.96,98.65,35.08,37.29,34.92,34.49,30.45,98.65,1.0,Train,0.9700616860015364,1
AY613950,SARS coronavirus PC4-227,Civet,Sarbecovirus,75.96,98.65,35.08,37.29,34.92,34.49,30.45,98.65,1.0,Test,0.9675024292872556,1
AY627047,SARS coronavirus PC4-199 spike glycoprotein gene,Civet,Sarbecovirus,76.04,98.65,35.17,37.29,34.92,34.49,30.45,98.65,1.0,Train,0.9702595938406476,1
AY525636,SARS coronavirus GD03T0013 spike glycoprotein gene,Homo sapiens,SARS-CoV-1,75.88,98.57,35.08,37.29,34.92,34.49,30.45,98.57,1.0,Test,0.9675024292872556,1
AY687365,SARS coronavirus C013 spike glycoprotein gene,Civet,Sarbecovirus,75.88,98.57,34.98,37.29,34.92,34.49,30.45,98.57,1.0,Test,0.9542077936231148,1
AY304486,SARS coronavirus SZ3,Civet,Sarbecovirus,76.19,98.57,34.6,37.15,34.79,34.49,30.26,98.57,1.0,Test,0.9729434273775288,1
AY545915,SARS coronavirus isolate HC/SZ/DM1/03,Civet,Sarbecovirus,75.96,98.65,35.08,37.29,34.92,34.49,30.45,98.65,1.0,Train,0.9675024292872556,1
AY687356,SARS coronavirus A021 spike glycoprotein gene,Civet,Sarbecovirus,75.88,98.57,35.08,37.29,34.92,34.49,30.05,98.57,1.0,Train,0.9675024292872556,1
AY687372,SARS coronavirus C029 spike glycoprotein gene,Civet,Sarbecovirus,76.04,98.57,35.08,37.29,34.92,34.49,30.45,98.57,1.0,Test,0.9702595938406476,1
AY572038,SARS coronavirus civet020,Civet,Sarbecovirus,75.96,98.57,35.08,37.29,34.92,34.49,30.45,98.57,1.0,Train,0.9702595938406476,1
AY613947,SARS coronavirus GZ0402,Homo sapiens,SARS-CoV-1,76.04,98.57,34.82,37.15,34.79,34.33,30.24,98.57,1.0,Train,0.9581741954346064,1
AY687355,SARS coronavirus A013 spike glycoprotein gene,Civet,Sarbecovirus,75.88,98.49,34.98,37.29,34.92,34.33,30.33,98.49,1.0,Train,0.9702595938406476,1
AY613952,SARS coronavirus PC4-205 spike glycoprotein gene,Civet,Sarbecovirus,75.88,98.49,35.08,37.29,34.92,34.49,30.45,98.49,1.0,Train,0.9702595938406476,1
AY687360,SARS coronavirus B024 spike glycoprotein gene,Civet,Sarbecovirus,75.96,98.57,34.72,37.29,34.92,34.49,30.45,98.57,1.0,Train,0.9675024292872556,1
AY687362,SARS coronavirus B033 spike glycoprotein gene,Civet,Sarbecovirus,75.88,98.49,34.98,37.29,34.92,34.49,30.16,98.49,1.0,Test,0.957462746407779,1
AY304488,SARS coronavirus SZ16,Civet,Sarbecovirus,76.19,98.49,34.6,37.15,34.79,34.49,30.26,98.49,1.0,Train,0.9729434273775288,1
AY572037,SARS coronavirus civet019 spike glycoprotein gene,Civet,Sarbecovirus,75.88,98.49,35.08,37.29,34.92,34.49,30.03,98.49,1.0,Train,0.9583271478391168,1
AY687359,SARS coronavirus B012 spike glycoprotein gene,Civet,Sarbecovirus,75.8,98.49,34.89,37.02,34.66,34.17,30.21,98.49,1.0,Train,0.9675024292872556,1
AY687370,SARS coronavirus C025 spike glycoprotein gene,Civet,Sarbecovirus,75.88,98.41,35.2,37.42,34.84,34.49,30.45,98.41,1.0,Train,0.9702595938406476,1
AY687354,SARS coronavirus A001 spike glycoprotein gene,Civet,Sarbecovirus,75.88,98.49,34.86,37.29,34.92,34.49,30.12,98.49,1.0,Train,0.9279883116830936,1
AY687361,SARS coronavirus B029 spike glycoprotein gene,Civet,Sarbecovirus,75.88,98.41,35.08,37.29,34.92,34.49,30.12,98.41,1.0,Train,0.9583271478391168,1
AY304489,SARS coronavirus SZ1,Civet,Sarbecovirus,76.19,98.41,34.6,37.15,34.79,34.49,30.26,98.41,1.0,Train,0.9729434273775288,1
FJ959407,SARS coronavirus isolate A001,Civet,Sarbecovirus,75.8,98.33,34.98,37.29,34.92,34.49,30.16,98.33,1.0,Train,0.9316729475792332,1
AY687371,SARS coronavirus C028 spike glycoprotein gene,Civet,Sarbecovirus,75.88,98.41,35.2,37.29,34.92,34.49,30.33,98.41,1.0,Test,0.9702595938406476,1
AY515512,SARS coronavirus HC/SZ/61/03,Civet,Sarbecovirus,75.8,98.41,35.08,37.29,34.92,34.49,30.37,98.41,1.0,Train,0.9702595938406476,1
AY613948,SARS coronavirus PC4-13,Civet,Sarbecovirus,75.88,98.41,35.08,37.29,34.92,34.49,30.12,98.41,1.0,Train,0.965128903156267,1
AY545919,SARS coronavirus isolate CFB/SZ/94/03,Minks,Sarbecovirus,76.12,98.33,35.08,37.29,34.92,34.49,30.45,98.33,1.0,Train,0.9589421150004918,1
AY687368,SARS coronavirus C018 spike glycoprotein gene,Civet,Sarbecovirus,75.96,98.41,34.72,37.29,34.92,34.49,30.45,98.41,1.0,Train,0.9702595938406476,1
AY572034,SARS coronavirus civet007,Civet,Sarbecovirus,75.8,98.33,35.08,37.29,34.92,34.49,30.03,98.33,1.0,Train,0.9583271478391168,1
AY686863,SARS coronavirus A022,Civet,Sarbecovirus,75.8,98.25,35.08,37.29,34.92,34.49,30.03,98.25,1.0,Train,0.9583271478391168,1
KY417150,Bat SARS-like coronavirus isolate Rs4874,Bat,Sarbecovirus,77.07,96.97,34.26,37.29,34.54,34.33,30.01,96.97,1.0,Train,0.9867791568562893,1
KT444582,SARS-like coronavirus WIV16,Bat,Sarbecovirus,77.07,96.89,34.26,37.29,34.54,34.33,30.01,96.89,1.0,Train,0.9867791568562893,1
KY417146,Bat SARS-like coronavirus isolate Rs4231,Bat,Sarbecovirus,76.92,94.58,34.28,37.02,34.41,34.33,29.89,94.58,1.0,Train,0.8005280565291724,1
AH013709,SARS coronavirus Sin_WNV,Homo sapiens,SARS-CoV-1,74.83,99.92,34.01,36.85,34.44,34.01,29.68,99.92,1.0,Train,0.9412225221364772,1
MK211376,Coronavirus BtRs-BetaCoV/YN2018B,Bat,Sarbecovirus,76.92,92.42,34.26,37.29,34.54,34.33,29.89,92.42,1.0,Test,0.9587584277709602,1
KY417151,Bat SARS-like coronavirus isolate Rs7327,Bat,Sarbecovirus,77.0,92.5,34.26,37.29,34.54,34.69,30.13,92.5,1.0,Train,0.9587584277709602,1
KY417152,Bat SARS-like coronavirus isolate Rs9401,Bat,Sarbecovirus,76.84,92.42,34.26,37.29,34.54,34.69,30.13,92.42,1.0,Test,0.9587584277709602,1
KF367457,Bat SARS-like coronavirus WIV1,Bat,Sarbecovirus,77.07,92.26,34.26,37.29,34.54,34.33,30.01,92.26,1.0,Train,0.9867791568562893,1
KC881006,Bat SARS-like coronavirus Rs3367,Bat,Sarbecovirus,77.0,92.26,34.26,37.42,34.66,34.33,30.01,92.26,1.0,Train,0.9867791568562893,1
DQ412619,SARS coronavirus isolate CUHKtc44NP nonfunctional spike glycoprotein (S) gene,Homo sapiens,SARS-CoV-1,78.26,99.91,34.79,37.15,34.92,34.8,30.26,99.91,1.0,Train,0.9412225221364772,1
DQ412627,SARS coronavirus isolate CUHKtc52TS nonfunctional spike glycoprotein (S) gene,Homo sapiens,SARS-CoV-1,78.18,99.83,34.79,37.15,34.92,34.8,30.26,99.83,1.0,Train,0.9438933499443436,1
AH013708,SARS coronavirus Sin0409,Homo sapiens,SARS-CoV-1,78.18,99.83,34.7,37.15,34.92,34.8,30.26,99.83,1.0,Train,0.94629036372637,1
DQ412622,SARS coronavirus isolate CUHKtc47NP nonfunctional spike glycoprotein (S) gene,Homo sapiens,SARS-CoV-1,78.18,99.83,34.7,37.15,34.92,34.8,30.17,99.83,1.0,Test,0.9412225221364772,1
DQ412623,SARS coronavirus isolate CUHKtc48TS nonfunctional spike glycoprotein (S) gene,Homo sapiens,SARS-CoV-1,78.26,99.83,34.79,37.15,34.92,34.8,30.26,99.83,1.0,Train,0.9412225221364772,1
DQ412599,SARS coronavirus isolate CUHKtc19NP nonfunctional spike glycoprotein (S) gene,Homo sapiens,SARS-CoV-1,78.18,99.83,34.45,37.15,34.92,34.8,30.26,99.83,1.0,Test,0.7885057268682653,1
DQ412606,SARS coronavirus isolate CUHKtc29NP nonfunctional spike glycoprotein (S) gene,Homo sapiens,SARS-CoV-1,78.18,99.74,34.7,37.15,34.92,34.8,30.17,99.74,1.0,Train,0.9412225221364772,1
KC881005,Bat SARS-like coronavirus RsSHC014,Bat,Sarbecovirus,77.31,90.03,34.28,37.29,34.54,34.33,29.89,90.03,1.0,Train,0.7977580281549065,1
KY417144,Bat SARS-like coronavirus isolate Rs4084,Bat,Sarbecovirus,77.23,89.95,34.28,37.29,34.54,34.33,29.89,89.95,1.0,Train,0.8019189000180637,1
KF569997,Rhinolophus affinis coronavirus isolate LYRa3 spike protein gene,Bat,Sarbecovirus,77.41,89.71,34.6,37.55,34.58,34.85,30.34,89.71,0.0,Test,0.5788373121763232,1
KF569996,Rhinolophus affinis coronavirus isolate LYRa11,Bat,Sarbecovirus,77.73,89.63,34.51,37.55,34.58,34.85,30.26,89.63,1.0,Train,0.7496187503775835,1
MT782114,Mutant Bat SARS coronavirus HKU3 isolate icHKU3-SRBD,Bat,Sarbecovirus,77.38,83.98,35.07,38.01,35.23,34.36,30.47,83.98,0.0,Train,0.9412225221364772,1
MT782115,Mutant Bat SARS coronavirus HKU3 isolate icHKU3-SRBD-MA,Bat,Sarbecovirus,77.3,83.9,35.07,38.01,35.23,34.36,30.47,83.9,0.0,Train,0.6240887861744931,1
AY559097,SARS coronavirus Sin3408L,Homo sapiens,SARS-CoV-1,68.42,98.64,33.82,36.4,35.06,35.97,29.86,98.64,1.0,Train,0.9453230601391526,1
KJ473816,BtRs-BetaCoV/YN2013,Bat,Sarbecovirus,75.24,79.68,34.94,37.81,35.23,35.01,30.38,79.68,0.0,Train,0.0003016464986476,0
JX993988,Bat coronavirus Cp/Yunnan2011,Bat,Sarbecovirus,74.86,79.38,35.38,37.42,34.58,35.17,30.61,79.38,0.0,Test,0.0006476078016669,0
MK211374,Coronavirus BtRl-BetaCoV/SC2018,Bat,Sarbecovirus,74.69,79.79,35.15,37.68,34.45,34.54,30.47,79.79,0.0,Test,0.0004286903325887,0
KJ473815,BtRs-BetaCoV/GX2013,Bat,Sarbecovirus,75.41,79.22,35.15,37.61,34.84,34.85,30.43,79.22,0.0,Train,0.001034568177275,0
DQ412043,Bat SARS coronavirus Rm1,Bat,Sarbecovirus,74.75,79.06,35.02,37.68,34.84,35.17,30.61,79.06,0.0,Train,0.0005955660955831,0
DQ648857,Bat coronavirus (BtCoV/279/2005),Bat,Sarbecovirus,74.75,78.98,35.02,37.75,34.84,35.01,30.48,78.98,0.0,Train,0.0005955660955831,0
JX993987,Bat coronavirus Rp/Shaanxi2011,Bat,Sarbecovirus,74.92,79.29,34.85,37.61,34.71,35.01,30.56,79.29,0.0,Test,0.0006782070180165,0
KY417142,Bat SARS-like coronavirus isolate As6526,Bat,Sarbecovirus,75.49,78.91,35.06,37.94,35.1,34.54,29.87,78.91,0.0,Train,0.0002392068332996,0
KY417148,Bat SARS-like coronavirus isolate Rs4247,Bat,Sarbecovirus,75.49,78.98,34.96,37.94,34.97,34.54,30.05,78.98,0.0,Train,0.0004306226087499,0
KJ473814,BtRs-BetaCoV/HuB2013,Bat,Sarbecovirus,76.47,80.31,34.71,37.68,34.97,35.17,30.6,80.31,0.0,Train,0.0004846505998096,0
KY417147,Bat SARS-like coronavirus isolate Rs4237,Bat,Sarbecovirus,75.41,78.75,42.66,37.94,34.97,34.54,30.05,78.75,0.0,Train,0.0003088720823264,0
MK211377,Coronavirus BtRs-BetaCoV/YN2018C,Bat,Sarbecovirus,75.33,78.75,35.06,37.94,35.1,34.54,29.87,78.75,0.0,Train,0.0002392068332996,0
DQ071615,Bat SARS coronavirus Rp3,Bat,Sarbecovirus,75.33,78.59,34.93,37.68,34.97,34.69,30.18,78.59,0.0,Train,0.0004215959189923,0
GQ153543,Bat SARS coronavirus HKU3-8,Bat,Sarbecovirus,76.2,78.75,34.77,37.88,35.23,34.36,30.56,78.75,0.0,Test,0.0008654427700882,0
GQ153547,Bat SARS coronavirus HKU3-12,Bat,Sarbecovirus,76.12,78.67,34.77,38.01,35.48,34.36,30.82,78.67,0.0,Train,0.0015792087563067,0
KY417149,Bat SARS-like coronavirus isolate Rs4255,Bat,Sarbecovirus,74.82,78.98,34.77,37.94,34.97,34.54,30.05,78.98,0.0,Train,0.0003088720823264,0
GQ153548,Bat SARS coronavirus HKU3-13,Bat,Sarbecovirus,75.96,78.51,34.86,37.88,35.35,34.2,30.69,78.51,0.0,Train,0.0015792087563067,0
GQ153544,Bat SARS coronavirus HKU3-9,Bat,Sarbecovirus,75.96,78.51,34.86,37.88,35.35,34.2,30.69,78.51,0.0,Test,0.0015792087563067,0
GQ153542,Bat SARS coronavirus HKU3-7,Bat,Sarbecovirus,76.04,78.67,34.58,37.88,35.23,34.36,30.56,78.67,0.0,Train,0.0008654427700882,0
KY417143,Bat SARS-like coronavirus isolate Rs4081,Bat,Sarbecovirus,74.75,78.75,34.87,37.94,34.97,34.54,29.96,78.75,0.0,Train,0.0003727056815567,0
MK211378,Coronavirus BtRs-BetaCoV/YN2018D,Bat,Sarbecovirus,74.75,78.75,34.77,37.94,34.97,34.38,29.92,78.75,0.0,Train,0.0003002032616004,0
DQ022305,Bat SARS coronavirus HKU3-1,Bat,Sarbecovirus,76.04,78.43,34.86,37.88,35.35,34.36,30.82,78.43,0.0,Train,0.0015792087563067,0
KF294457,SARS-related bat coronavirus isolate Longquan-140 orf1ab polyprotein,Bat,Sarbecovirus,76.12,78.35,35.11,38.21,35.35,34.36,30.91,78.35,0.0,Train,0.0008188184322652,0
DQ084199,bat SARS coronavirus HKU3-2,Bat,Sarbecovirus,76.04,78.35,34.77,37.88,35.23,34.36,30.82,78.35,0.0,Train,0.0015792087563067,0
FJ588686,Bat SARS CoV Rs672/2006,Bat,Sarbecovirus,74.59,78.43,34.96,37.94,35.1,34.85,30.22,78.43,0.0,Train,0.0003002032616004,0
QOQ04218,Severe acute respiratory syndrome coronavirus 2],Homo sapiens,SARS-CoV-2,99.76,75.8,35.19,37.63,35.94,31.07,31.39,99.76,1.0,Test,0.9999999804595628,1
KP886808,Bat SARS-like coronavirus YNLF_31C,Bat,Sarbecovirus,73.76,77.64,34.91,37.76,35.05,34.26,30.31,77.64,0.0,Train,0.0072507820052383,0
KP886809,Bat SARS-like coronavirus YNLF_34C,Bat,Sarbecovirus,73.76,77.64,34.91,37.76,35.05,34.26,30.31,77.64,0.0,Train,0.0072507820052383,0
MN996532,Bat coronavirus RaTG13,Bat,Sarbecovirus,97.41,76.59,34.22,37.86,35.96,30.97,30.51,97.41,1.0,Train,0.9999959146360028,1
MT040335,Pangolin coronavirus isolate PCoV_GX-P5L,Pangolin,Sarbecovirus,92.38,76.87,32.68,37.77,36.01,31.53,29.7,92.38,1.0,Test,0.9999985121046138,1
MT040333,Pangolin coronavirus isolate PCoV_GX-P4L,Pangolin,Sarbecovirus,92.3,76.87,32.68,37.91,36.01,31.01,29.82,92.3,1.0,Train,0.9999985121046138,1
MT040334,Pangolin coronavirus isolate PCoV_GX-P1E,Pangolin,Sarbecovirus,92.22,76.95,33.02,37.91,36.01,31.14,29.77,92.22,1.0,Test,0.9999986722420304,1
MT040336,Pangolin coronavirus isolate PCoV_GX-P5E,Pangolin,Sarbecovirus,92.3,76.71,32.68,37.91,36.01,31.53,29.7,92.3,1.0,Train,0.9999940513329592,1
KJ473813,BtRf-BetaCoV/SX2013,Bat,Sarbecovirus,73.55,77.12,35.52,37.76,34.79,33.77,29.77,77.12,0.0,Train,0.0084460245037528,0
QKK14611,Severe acute respiratory syndrome coronavirus 2],Homo sapiens,SARS-CoV-2,99.92,75.96,34.91,37.79,35.95,31.11,31.27,99.92,1.0,Train,0.9999999834997276,1
QMJ01509,Severe acute respiratory syndrome coronavirus 2],Homo sapiens,SARS-CoV-2,99.92,76.02,34.91,37.79,35.95,31.11,31.27,99.92,1.0,Train,0.9999999834997276,1
QOU84842,Severe acute respiratory syndrome coronavirus 2],Homo sapiens,SARS-CoV-2,99.92,75.96,34.91,37.79,35.95,31.11,31.27,99.92,1.0,Train,0.9999999834997276,1
YP_009724390,Wuhan-Hu-1,Homo sapiens,SARS-CoV-2,100.0,75.96,34.91,37.79,35.95,31.11,31.27,100.0,1.0,Test,0.9999999941334168,1
QOF10625,Severe acute respiratory syndrome coronavirus 2],Homo sapiens,SARS-CoV-2,99.92,75.88,34.82,37.79,35.95,31.11,31.4,99.92,1.0,Train,0.9999999834997276,1
QLI51709,Severe acute respiratory syndrome coronavirus 2],Homo sapiens,SARS-CoV-2,99.92,75.96,34.82,37.79,35.95,31.11,31.27,99.92,1.0,Train,0.9999999834997276,1
QJR93441,Severe acute respiratory syndrome coronavirus 2],Homo sapiens,SARS-CoV-2,99.69,75.88,34.91,37.79,35.95,31.11,31.31,99.69,1.0,Train,0.9999999834997276,1
QKV07399,Severe acute respiratory syndrome coronavirus 2],Homo sapiens,SARS-CoV-2,99.06,75.18,34.91,37.5,35.45,30.64,30.67,99.06,1.0,Train,0.9999999834997276,1
QKU33257,Severe acute respiratory syndrome coronavirus 2],Homo sapiens,SARS-CoV-2,99.92,75.88,34.91,37.79,35.95,31.11,31.27,99.92,1.0,Train,0.9999999834997276,1
QLC47069,Severe acute respiratory syndrome coronavirus 2],Homo sapiens,SARS-CoV-2,99.84,75.88,34.91,37.79,35.95,31.11,31.27,99.84,1.0,Train,0.9999999834997276,1
QMX85049,Severe acute respiratory syndrome coronavirus 2],Homo sapiens,SARS-CoV-2,99.92,75.88,34.91,37.79,35.95,30.98,31.27,99.92,1.0,Train,0.9999999834997276,1
KJ473812,BtRf-BetaCoV/HeB2013,Bat,Sarbecovirus,73.63,77.0,35.42,37.89,34.92,33.77,29.9,77.0,0.0,Test,0.0084460245037528,0
QJR86577,Severe acute respiratory syndrome coronavirus 2],Homo sapiens,SARS-CoV-2,99.76,75.88,34.91,37.79,35.95,31.11,31.27,99.76,1.0,Train,0.9999997453552296,1
QMT52813,Severe acute respiratory syndrome coronavirus 2],Homo sapiens,SARS-CoV-2,99.92,75.96,34.91,37.79,35.95,31.11,31.27,99.92,1.0,Test,0.9999999834997276,1
QNO91835,Severe acute respiratory syndrome coronavirus 2],Homo sapiens,SARS-CoV-2,99.92,75.88,34.91,37.79,35.95,30.98,31.14,99.92,1.0,Train,0.9999999834997276,1
QOH28993,Severe acute respiratory syndrome coronavirus 2],Homo sapiens,SARS-CoV-2,99.92,75.88,34.91,37.79,36.08,31.11,31.44,99.92,1.0,Test,0.9999999834997276,1
QOF20033,Severe acute respiratory syndrome coronavirus 2],Homo sapiens,SARS-CoV-2,99.84,75.98,34.91,37.79,35.95,31.11,31.27,99.84,1.0,Test,0.9999999834997276,1
QKU32813,Severe acute respiratory syndrome coronavirus 2],Homo sapiens,SARS-CoV-2,99.92,75.88,34.91,37.79,35.95,31.11,31.27,99.92,1.0,Train,0.9999999834997276,1
QKU31901,Severe acute respiratory syndrome coronavirus 2],Homo sapiens,SARS-CoV-2,99.84,76.04,34.91,37.79,35.95,31.11,31.27,99.84,1.0,Train,0.9999999834997276,1
QMS53495,Severe acute respiratory syndrome coronavirus 2],Homo sapiens,SARS-CoV-2,99.92,75.88,34.91,37.79,35.95,31.11,31.27,99.92,1.0,Train,0.9999999834997276,1
QNO30923,Severe acute respiratory syndrome coronavirus 2],Homo sapiens,SARS-CoV-2,99.84,75.88,34.91,37.79,35.95,31.11,31.27,99.84,1.0,Test,0.9999999834997276,1
QOH27738,Severe acute respiratory syndrome coronavirus 2],Homo sapiens,SARS-CoV-2,99.84,75.88,35.0,37.79,35.95,31.11,31.27,99.84,1.0,Train,0.9999999836217892,1
QOT56801,Severe acute respiratory syndrome coronavirus 2],Homo sapiens,SARS-CoV-2,99.76,75.8,35.0,37.79,35.95,31.11,31.27,99.76,1.0,Train,0.9999999804595628,1
QOX07629,Severe acute respiratory syndrome coronavirus 2],Homo sapiens,SARS-CoV-2,99.84,75.88,34.82,37.79,35.63,31.11,31.14,99.84,1.0,Train,0.9999999834997276,1
DQ648856,Bat coronavirus (BtCoV/273/2005),Bat,Sarbecovirus,73.84,76.92,35.01,37.89,35.18,34.1,29.51,76.92,0.0,Train,0.0080911975356789,0
MT072864,Pangolin coronavirus isolate PCoV_GX-P2V,Pangolin,Sarbecovirus,92.14,76.43,32.6,37.77,36.01,31.4,29.59,92.14,1.0,Train,0.9999990042909224,1
QJF11959,Severe acute respiratory syndrome coronavirus 2],Homo sapiens,SARS-CoV-2,99.92,75.88,34.82,37.79,35.81,30.98,31.14,99.92,1.0,Train,0.9999999834997276,1
QJZ27921,Severe acute respiratory syndrome coronavirus 2],Homo sapiens,SARS-CoV-2,99.84,75.88,34.82,37.65,35.63,31.24,31.27,99.84,1.0,Test,0.9999999834997276,1
QJY78152,Severe acute respiratory syndrome coronavirus 2],Homo sapiens,SARS-CoV-2,99.76,75.88,33.05,37.79,35.95,31.11,31.27,99.76,1.0,Train,0.9999999834997276,1
QKV49386,Severe acute respiratory syndrome coronavirus 2],Homo sapiens,SARS-CoV-2,99.76,75.88,34.82,37.65,35.63,31.24,31.27,99.76,1.0,Train,0.999999983168828,1
QLE10897,Severe acute respiratory syndrome coronavirus 2],Homo sapiens,SARS-CoV-2,99.84,75.88,34.91,37.79,35.95,31.11,31.27,99.84,1.0,Train,0.9999999834997276,1
QLH00985,Severe acute respiratory syndrome coronavirus 2],Homo sapiens,SARS-CoV-2,99.76,75.88,34.91,37.79,35.95,31.11,31.27,99.76,1.0,Train,0.9999999834997276,1
QMU94824,Severe acute respiratory syndrome coronavirus 2],Homo sapiens,SARS-CoV-2,99.84,75.88,34.91,37.93,36.08,31.24,31.4,99.84,1.0,Train,0.9999999834997276,1
QNO81083,Severe acute respiratory syndrome coronavirus 2],Homo sapiens,SARS-CoV-2,99.76,75.98,35.0,37.79,35.95,31.11,31.27,99.76,1.0,Train,0.9999999804595628,1
QOI09879,Severe acute respiratory syndrome coronavirus 2],Homo sapiens,SARS-CoV-2,99.76,75.88,34.91,37.79,35.95,31.11,31.11,99.76,1.0,Test,0.9999999834997276,1
QOU96446,Severe acute respiratory syndrome coronavirus 2],Homo sapiens,SARS-CoV-2,99.84,75.88,34.91,37.79,35.95,31.11,31.27,99.84,1.0,Train,0.9999999834997276,1
QOW79016,Severe acute respiratory syndrome coronavirus 2],Homo sapiens,SARS-CoV-2,99.84,75.88,34.91,37.79,35.95,31.11,31.11,99.84,1.0,Train,0.9999999834997276,1
QJF76007,Severe acute respiratory syndrome coronavirus 2],Homo sapiens,SARS-CoV-2,99.92,75.88,34.91,37.57,35.95,31.11,31.31,99.92,1.0,Train,0.9999999834997276,1
QLI50629,Severe acute respiratory syndrome coronavirus 2],Homo sapiens,SARS-CoV-2,99.84,75.88,34.91,37.64,35.95,31.11,31.27,99.84,1.0,Train,0.9999999834997276,1
QMT93328,Severe acute respiratory syndrome coronavirus 2],Homo sapiens,SARS-CoV-2,99.84,75.88,34.91,37.79,35.95,31.11,31.27,99.84,1.0,Test,0.9999999834997276,1
QMU92664,Severe acute respiratory syndrome coronavirus 2],Homo sapiens,SARS-CoV-2,99.84,75.88,34.91,37.79,35.95,31.11,31.27,99.84,1.0,Test,0.9999999834997276,1
QNR99276,Severe acute respiratory syndrome coronavirus 2],Homo sapiens,SARS-CoV-2,99.76,75.88,35.0,37.79,35.95,31.24,31.4,99.76,1.0,Test,0.9999999834997276,1
QOC66389,Severe acute respiratory syndrome coronavirus 2],Homo sapiens,SARS-CoV-2,99.84,75.88,34.91,37.79,35.95,31.11,31.27,99.84,1.0,Train,0.9999999834997276,1
QOI09723,Severe acute respiratory syndrome coronavirus 2],Homo sapiens,SARS-CoV-2,99.84,75.88,34.82,37.79,35.95,31.11,31.27,99.84,1.0,Train,0.999999989108373,1
QOQ06101,Severe acute respiratory syndrome coronavirus 2],Homo sapiens,SARS-CoV-2,99.76,75.88,35.0,37.79,35.95,31.11,30.65,99.76,1.0,Train,0.9999999804595628,1
QOT51821,Severe acute respiratory syndrome coronavirus 2],Homo sapiens,SARS-CoV-2,99.76,75.8,35.0,37.79,35.95,31.11,31.27,99.76,1.0,Train,0.9999999579744088,1
QJS57267,Severe acute respiratory syndrome coronavirus 2],Homo sapiens,SARS-CoV-2,99.84,75.8,34.91,37.79,35.95,31.11,31.27,99.84,1.0,Test,0.9999999834997276,1
QJS53410,Severe acute respiratory syndrome coronavirus 2],Homo sapiens,SARS-CoV-2,99.84,75.88,34.91,37.79,35.95,31.11,31.27,99.84,1.0,Test,0.9999999834997276,1
QKG89150,Severe acute respiratory syndrome coronavirus 2],Homo sapiens,SARS-CoV-2,99.84,75.88,34.91,37.79,35.95,31.11,31.27,99.84,1.0,Test,0.9999999834997276,1
QNO80951,Severe acute respiratory syndrome coronavirus 2],Homo sapiens,SARS-CoV-2,99.69,75.88,35.0,37.79,35.95,31.11,31.27,99.69,1.0,Train,0.9999999018361464,1
QOC67205,Severe acute respiratory syndrome coronavirus 2],Homo sapiens,SARS-CoV-2,99.84,75.88,34.91,37.79,35.95,31.11,31.27,99.84,1.0,Test,0.9999999834997276,1
QOQ25939,Severe acute respiratory syndrome coronavirus 2],Homo sapiens,SARS-CoV-2,99.76,75.88,35.0,37.79,35.63,31.11,31.27,99.76,1.0,Test,0.9999999804595628,1
QOQ17195,Severe acute respiratory syndrome coronavirus 2],Homo sapiens,SARS-CoV-2,99.69,75.88,35.0,37.79,35.95,31.24,31.44,99.69,1.0,Train,0.9999999107924976,1
QOT60963,Severe acute respiratory syndrome coronavirus 2],Homo sapiens,SARS-CoV-2,99.76,75.88,35.0,37.79,35.95,31.11,31.27,99.76,1.0,Train,0.9999999804595628,1
QOW96335,Severe acute respiratory syndrome coronavirus 2],Homo sapiens,SARS-CoV-2,99.84,75.8,34.91,37.79,35.95,31.11,31.27,99.84,1.0,Test,0.9999999834997276,1
QOW96047,Severe acute respiratory syndrome coronavirus 2],Homo sapiens,SARS-CoV-2,99.76,75.88,34.91,37.79,35.95,31.11,31.27,99.76,1.0,Train,0.9999999834997276,1
QKN61217,Severe acute respiratory syndrome coronavirus 2],Homo sapiens,SARS-CoV-2,99.84,75.88,34.82,37.65,35.49,31.24,31.31,99.84,1.0,Train,0.9999999834997276,1
QLE10753,Severe acute respiratory syndrome coronavirus 2],Homo sapiens,SARS-CoV-2,99.84,75.8,34.91,37.79,35.95,31.11,30.65,99.84,1.0,Test,0.9999999955396086,1
QMI90914,Severe acute respiratory syndrome coronavirus 2],Homo sapiens,SARS-CoV-2,99.84,75.88,34.91,37.79,35.95,31.11,30.65,99.84,1.0,Train,0.9999999834997276,1
QMU91675,Severe acute respiratory syndrome coronavirus 2],Homo sapiens,SARS-CoV-2,99.84,75.88,34.91,37.79,35.95,31.11,31.27,99.84,1.0,Train,0.9999999834997276,1
QNJ45998,Severe acute respiratory syndrome coronavirus 2],Homo sapiens,SARS-CoV-2,99.84,75.8,34.82,37.65,35.81,30.98,31.14,99.84,1.0,Train,0.9999999834997276,1
QNO86579,Severe acute respiratory syndrome coronavirus 2],Homo sapiens,SARS-CoV-2,99.76,75.8,35.0,37.79,35.95,31.11,30.65,99.76,1.0,Test,0.9999999918008196,1
QNR99312,Severe acute respiratory syndrome coronavirus 2],Homo sapiens,SARS-CoV-2,99.84,75.88,34.91,37.79,35.95,31.11,31.27,99.84,1.0,Train,0.9999999834997276,1
QNV50142,Severe acute respiratory syndrome coronavirus 2],Homo sapiens,SARS-CoV-2,99.84,75.8,34.82,37.93,36.08,31.11,31.27,99.84,1.0,Train,0.9999999834997276,1
QOH26742,Severe acute respiratory syndrome coronavirus 2],Homo sapiens,SARS-CoV-2,99.84,75.8,35.0,37.79,35.95,31.24,31.4,99.84,1.0,Train,0.9999999834997276,1
QOQ19763,Severe acute respiratory syndrome coronavirus 2],Homo sapiens,SARS-CoV-2,99.76,75.8,35.0,37.79,36.08,31.11,30.65,99.76,1.0,Train,0.9999999804595628,1
QOT62270,Severe acute respiratory syndrome coronavirus 2],Homo sapiens,SARS-CoV-2,99.76,75.8,35.0,37.79,35.95,31.24,31.4,99.76,1.0,Train,0.9999999804595628,1
QOT47945,Severe acute respiratory syndrome coronavirus 2],Homo sapiens,SARS-CoV-2,99.76,75.8,34.91,37.65,35.81,30.98,30.52,99.76,1.0,Train,0.9999999804595628,1
QJX44562,Severe acute respiratory syndrome coronavirus 2],Homo sapiens,SARS-CoV-2,99.76,75.8,34.79,37.79,35.95,31.11,31.27,99.76,1.0,Train,0.9999999536943736,1
QJX70519,Severe acute respiratory syndrome coronavirus 2],Homo sapiens,SARS-CoV-2,99.84,75.8,34.91,37.65,35.81,31.11,31.27,99.84,1.0,Train,0.9999999834997276,1
QLE10837,Severe acute respiratory syndrome coronavirus 2],Homo sapiens,SARS-CoV-2,99.84,75.8,34.91,37.79,35.95,31.11,31.27,99.84,1.0,Train,0.9999999834997276,1
QMI92366,Severe acute respiratory syndrome coronavirus 2],Homo sapiens,SARS-CoV-2,99.84,75.8,34.91,37.79,35.95,31.11,31.27,99.84,1.0,Test,0.9999999834997276,1
QMT94216,Severe acute respiratory syndrome coronavirus 2],Homo sapiens,SARS-CoV-2,99.84,75.88,34.82,37.65,35.68,30.98,31.14,99.84,1.0,Train,0.9999999834997276,1
QNA37099,Severe acute respiratory syndrome coronavirus 2],Homo sapiens,SARS-CoV-2,99.84,75.88,34.91,37.79,35.95,31.11,31.31,99.84,1.0,Test,0.99999997702413,1
QNE12272,Severe acute respiratory syndrome coronavirus 2],Homo sapiens,SARS-CoV-2,99.84,75.8,34.91,37.65,35.81,31.11,30.77,99.84,1.0,Train,0.9999999834997276,1
QNH88919,Severe acute respiratory syndrome coronavirus 2],Homo sapiens,SARS-CoV-2,99.84,75.8,34.82,37.65,35.81,31.11,31.14,99.84,1.0,Test,0.9999999834997276,1
QNN87664,Severe acute respiratory syndrome coronavirus 2],Homo sapiens,SARS-CoV-2,99.84,75.8,34.91,37.79,35.95,31.11,31.27,99.84,1.0,Train,0.9999999834997276,1
QOC62203,Severe acute respiratory syndrome coronavirus 2],Homo sapiens,SARS-CoV-2,99.84,75.8,34.91,37.65,35.95,31.11,31.27,99.84,1.0,Test,0.9999999834997276,1
QOQ24357,Severe acute respiratory syndrome coronavirus 2],Homo sapiens,SARS-CoV-2,99.76,75.8,34.91,37.79,35.95,31.11,31.27,99.76,1.0,Test,0.9999999804595628,1
QOT62546,Severe acute respiratory syndrome coronavirus 2],Homo sapiens,SARS-CoV-2,99.76,75.8,34.91,37.65,35.81,30.98,31.14,99.76,1.0,Test,0.9999999804595628,1
QOW82351,Severe acute respiratory syndrome coronavirus 2],Homo sapiens,SARS-CoV-2,99.84,75.8,34.91,37.79,35.95,31.11,31.27,99.84,1.0,Test,0.9999999834997276,1
QOX08205,Severe acute respiratory syndrome coronavirus 2],Homo sapiens,SARS-CoV-2,99.84,75.8,34.91,37.79,35.95,31.11,31.27,99.84,1.0,Train,0.9999999834997276,1
QJS57135,Severe acute respiratory syndrome coronavirus 2],Homo sapiens,SARS-CoV-2,99.84,75.88,34.91,37.79,35.95,31.11,31.27,99.84,1.0,Train,0.9999999834997276,1
QJS54106,Severe acute respiratory syndrome coronavirus 2],Homo sapiens,SARS-CoV-2,99.84,75.88,34.91,37.79,35.95,31.11,31.27,99.84,1.0,Train,0.999999988000755,1
QLK97867,Severe acute respiratory syndrome coronavirus 2],Homo sapiens,SARS-CoV-2,99.84,75.8,34.82,37.65,35.81,31.11,31.27,99.84,1.0,Train,0.9999999834997276,1
QMI97312,Severe acute respiratory syndrome coronavirus 2],Homo sapiens,SARS-CoV-2,99.84,75.8,34.91,37.65,35.81,30.98,31.14,99.84,1.0,Test,0.9999999834997276,1
QMT48901,Severe acute respiratory syndrome coronavirus 2],Homo sapiens,SARS-CoV-2,99.84,75.8,34.91,37.79,35.95,31.11,31.27,99.84,1.0,Test,0.9999999834997276,1
QNO97559,Severe acute respiratory syndrome coronavirus 2],Homo sapiens,SARS-CoV-2,99.69,75.88,35.0,37.79,35.95,31.24,31.4,99.69,1.0,Train,0.9999999804595628,1
QNQ15608,Severe acute respiratory syndrome coronavirus 2],Homo sapiens,SARS-CoV-2,99.84,75.8,34.91,37.79,35.95,31.11,31.31,99.84,1.0,Train,0.9999999834997276,1
QNV49494,Severe acute respiratory syndrome coronavirus 2],Homo sapiens,SARS-CoV-2,99.84,75.8,34.82,37.79,35.95,31.11,31.31,99.84,1.0,Train,0.9999999903747492,1
QOU83846,Severe acute respiratory syndrome coronavirus 2],Homo sapiens,SARS-CoV-2,99.84,75.8,35.0,37.79,35.95,31.11,31.27,99.84,1.0,Train,0.9999999834997276,1
QOW79628,Severe acute respiratory syndrome coronavirus 2],Homo sapiens,SARS-CoV-2,99.76,75.8,34.91,37.79,35.95,31.11,31.11,99.76,1.0,Train,0.9999999834997276,1
DQ412042,Bat SARS coronavirus Rf1,Bat,Sarbecovirus,74.0,76.84,35.42,37.89,35.18,34.1,29.51,76.84,0.0,Train,0.0066744462247006,0
QJR88005,Severe acute respiratory syndrome coronavirus 2],Homo sapiens,SARS-CoV-2,99.84,75.8,34.91,37.79,35.95,31.11,31.27,99.84,1.0,Train,0.9999999834997276,1
QMU94884,Severe acute respiratory syndrome coronavirus 2],Homo sapiens,SARS-CoV-2,99.84,75.8,34.91,37.79,35.95,31.11,31.27,99.84,1.0,Train,0.9999999843866834,1
QNL90920,Severe acute respiratory syndrome coronavirus 2],Homo sapiens,SARS-CoV-2,99.76,75.8,34.91,37.79,35.63,31.11,31.27,99.76,1.0,Test,0.9999999834997276,1
QNN90112,Severe acute respiratory syndrome coronavirus 2],Homo sapiens,SARS-CoV-2,99.76,75.8,34.82,37.65,35.81,30.98,31.14,99.76,1.0,Train,0.9999999834997276,1
QNP01591,Severe acute respiratory syndrome coronavirus 2],Homo sapiens,SARS-CoV-2,99.76,75.88,35.0,37.79,35.95,31.11,31.27,99.76,1.0,Train,0.9999999804595628,1
QOC62263,Severe acute respiratory syndrome coronavirus 2],Homo sapiens,SARS-CoV-2,99.84,75.8,34.91,37.65,35.95,31.11,31.27,99.84,1.0,Train,0.9999999834997276,1
QOQ29952,Severe acute respiratory syndrome coronavirus 2],Homo sapiens,SARS-CoV-2,99.84,75.8,34.82,37.79,35.95,31.11,31.27,99.84,1.0,Train,0.9999999834997276,1
QOW80912,Severe acute respiratory syndrome coronavirus 2],Homo sapiens,SARS-CoV-2,99.76,75.8,35.1,37.79,36.08,30.98,31.23,99.76,1.0,Train,0.9999999834997276,1
QIS30115,Severe acute respiratory syndrome coronavirus 2],Homo sapiens,SARS-CoV-2,99.84,75.8,34.91,37.79,35.95,31.11,31.27,99.84,1.0,Train,0.9999999583671656,1
QIZ15585,Severe acute respiratory syndrome coronavirus 2],Homo sapiens,SARS-CoV-2,99.84,75.8,34.91,37.79,35.95,30.98,31.27,99.84,1.0,Test,0.9999999834997276,1
QLG99928,Severe acute respiratory syndrome coronavirus 2],Homo sapiens,SARS-CoV-2,99.84,75.8,34.91,37.79,36.08,31.11,31.27,99.84,1.0,Train,0.9999999834997276,1
QLH58312,Severe acute respiratory syndrome coronavirus 2],Homo sapiens,SARS-CoV-2,99.69,75.88,34.91,37.79,35.95,31.11,30.65,99.69,1.0,Test,0.9999999834997276,1
QLM05967,Severe acute respiratory syndrome coronavirus 2],Homo sapiens,SARS-CoV-2,99.84,75.8,34.82,37.79,35.95,30.98,31.18,99.84,1.0,Train,0.9999999834997276,1
QNI25368,Severe acute respiratory syndrome coronavirus 2],Homo sapiens,SARS-CoV-2,99.84,75.8,34.91,37.79,35.95,30.97,31.27,99.84,1.0,Test,0.9999999834997276,1
QNN95245,Severe acute respiratory syndrome coronavirus 2],Homo sapiens,SARS-CoV-2,99.84,75.8,34.91,37.79,35.87,31.05,31.3,99.84,1.0,Test,0.9999999938702052,1
QNO89171,Severe acute respiratory syndrome coronavirus 2],Homo sapiens,SARS-CoV-2,99.76,75.8,35.0,37.79,35.95,31.11,31.27,99.76,1.0,Train,0.9999999804595628,1
QOH29617,Severe acute respiratory syndrome coronavirus 2],Homo sapiens,SARS-CoV-2,99.84,75.8,34.91,37.79,35.95,31.11,31.27,99.84,1.0,Train,0.9999999834997276,1
QOF08477,Severe acute respiratory syndrome coronavirus 2],Homo sapiens,SARS-CoV-2,99.84,75.8,34.82,37.65,35.81,30.98,31.14,99.84,1.0,Train,0.9999999834997276,1
QOL76705,Severe acute respiratory syndrome coronavirus 2],Homo sapiens,SARS-CoV-2,99.76,75.8,34.91,37.79,35.95,31.11,31.14,99.76,1.0,Train,0.9999999834997276,1
QOQ01255,Severe acute respiratory syndrome coronavirus 2],Homo sapiens,SARS-CoV-2,99.76,75.88,35.0,37.79,35.95,31.11,30.65,99.76,1.0,Train,0.9999999804595628,1
QJR86037,Severe acute respiratory syndrome coronavirus 2],Homo sapiens,SARS-CoV-2,99.84,75.8,34.72,37.65,35.81,31.02,31.27,99.84,1.0,Test,0.9999999834997276,1
QNQ16685,Severe acute respiratory syndrome coronavirus 2],Homo sapiens,SARS-CoV-2,99.69,75.8,34.91,37.79,35.95,31.11,31.31,99.69,1.0,Train,0.9999999834997276,1
QLC48443,Severe acute respiratory syndrome coronavirus 2],Feline,SARS-CoV-2,99.84,75.8,34.82,37.79,35.95,31.11,30.65,99.84,1.0,Train,0.9999999808832776,1
QOI09915,Severe acute respiratory syndrome coronavirus 2],Homo sapiens,SARS-CoV-2,99.76,75.8,34.91,37.65,35.81,30.98,31.36,99.76,1.0,Train,0.9999999834997276,1
QJR91617,Severe acute respiratory syndrome coronavirus 2],Homo sapiens,SARS-CoV-2,99.69,75.8,34.7,37.79,35.95,31.11,31.31,99.69,1.0,Train,0.999999953181682,1
QMI93386,Severe acute respiratory syndrome coronavirus 2],Homo sapiens,SARS-CoV-2,99.84,75.8,34.91,37.87,35.81,30.98,31.14,99.84,1.0,Test,0.9999999834997276,1
QOE45143,Severe acute respiratory syndrome coronavirus 2],Homo sapiens,SARS-CoV-2,99.76,75.72,34.91,37.79,35.95,30.98,31.14,99.76,1.0,Train,0.9999999834997276,1
QKS67443,Severe acute respiratory syndrome coronavirus 2],Homo sapiens,SARS-CoV-2,99.14,76.2,34.66,37.81,35.69,31.88,31.5,99.14,1.0,Test,0.999999983168828,1
QKU37261,Severe acute respiratory syndrome coronavirus 2],Homo sapiens,SARS-CoV-2,99.76,75.8,34.82,37.79,35.95,30.98,31.18,99.76,1.0,Train,0.9999999834997276,1
QMT96772,Severe acute respiratory syndrome coronavirus 2],Homo sapiens,SARS-CoV-2,99.76,75.72,34.91,37.79,35.95,31.11,31.27,99.76,1.0,Train,0.9999999834997276,1
QOC66437,Severe acute respiratory syndrome coronavirus 2],Homo sapiens,SARS-CoV-2,99.53,75.8,34.91,37.79,35.95,31.11,30.65,99.53,1.0,Train,0.9999999834997276,1
QOQ71849,Severe acute respiratory syndrome coronavirus 2],Homo sapiens,SARS-CoV-2,99.76,75.72,34.75,37.79,35.95,31.11,31.27,99.76,1.0,Train,0.9999999834997276,1
QKM75627,Severe acute respiratory syndrome coronavirus 2],Homo sapiens,SARS-CoV-2,99.84,75.8,34.82,37.79,35.95,31.11,31.31,99.84,1.0,Test,0.9999999834997276,1
QND76766,Severe acute respiratory syndrome coronavirus 2],Homo sapiens,SARS-CoV-2,99.76,75.72,34.91,37.79,35.95,31.11,31.27,99.76,1.0,Train,0.999999989872311,1
QNG43096,Severe acute respiratory syndrome coronavirus 2],Homo sapiens,SARS-CoV-2,99.76,75.72,34.88,37.65,35.97,30.98,30.98,99.76,1.0,Train,0.9999999834997276,1
QOS50129,Severe acute respiratory syndrome coronavirus 2],Homo sapiens,SARS-CoV-2,99.76,75.8,34.91,37.79,35.95,31.11,31.27,99.76,1.0,Train,0.9999999834997276,1
QMU25419,Severe acute respiratory syndrome coronavirus 2],Homo sapiens,SARS-CoV-2,99.76,75.72,35.07,37.79,35.95,31.24,31.14,99.76,1.0,Test,0.9999999834997276,1
QOQ71885,Severe acute respiratory syndrome coronavirus 2],Homo sapiens,SARS-CoV-2,99.69,75.72,34.91,37.79,35.95,31.11,31.27,99.69,1.0,Train,0.9999999834997276,1
QOT58900,Severe acute respiratory syndrome coronavirus 2],Homo sapiens,SARS-CoV-2,99.61,75.72,35.2,37.79,35.95,31.11,31.31,99.61,1.0,Train,0.9999999646876502,1
QKU32273,Severe acute respiratory syndrome coronavirus 2],Homo sapiens,SARS-CoV-2,99.76,75.72,34.85,37.79,35.95,31.11,31.31,99.76,1.0,Train,0.9999999834997276,1
QLG76145,Severe acute respiratory syndrome coronavirus 2],Homo sapiens,SARS-CoV-2,99.76,75.8,34.91,37.79,35.95,31.11,31.27,99.76,1.0,Test,0.9999999834997276,1
QMJ00981,Severe acute respiratory syndrome coronavirus 2],Homo sapiens,SARS-CoV-2,99.76,75.8,34.82,37.65,35.95,31.11,31.27,99.76,1.0,Test,0.9999999834997276,1
QKU37645,Severe acute respiratory syndrome coronavirus 2],Homo sapiens,SARS-CoV-2,99.61,75.72,34.82,37.65,35.81,31.01,31.27,99.61,1.0,Train,0.9999999834997276,1
QKV42838,Severe acute respiratory syndrome coronavirus 2],Homo sapiens,SARS-CoV-2,99.76,75.72,34.82,37.79,35.95,31.11,31.27,99.76,1.0,Train,0.9999999834997276,1
QMJ00945,Severe acute respiratory syndrome coronavirus 2],Homo sapiens,SARS-CoV-2,99.76,75.72,34.91,37.93,35.99,30.98,31.01,99.76,1.0,Train,0.9999999834997276,1
QNO87419,Severe acute respiratory syndrome coronavirus 2],Homo sapiens,SARS-CoV-2,99.69,75.72,34.93,37.79,35.95,31.11,31.27,99.69,1.0,Train,0.9999999804595628,1
QNJ45142,Severe acute respiratory syndrome coronavirus 2],Minks,SARS-CoV-2,99.69,75.72,34.91,37.65,35.81,31.11,31.27,99.69,1.0,Train,0.999999946365962,1
QOP97426,Severe acute respiratory syndrome coronavirus 2],Homo sapiens,SARS-CoV-2,99.61,75.72,35.1,37.79,36.08,31.24,31.44,99.61,1.0,Train,0.9999999804595628,1
QNL23972,Severe acute respiratory syndrome coronavirus 2],Homo sapiens,SARS-CoV-2,99.76,75.72,34.91,37.79,35.95,31.33,31.31,99.76,1.0,Train,0.9999999834997276,1
QNO92399,Severe acute respiratory syndrome coronavirus 2],Homo sapiens,SARS-CoV-2,99.84,75.8,34.91,37.79,35.95,31.11,31.27,99.84,1.0,Train,0.9999999834997276,1
QOC66941,Severe acute respiratory syndrome coronavirus 2],Homo sapiens,SARS-CoV-2,99.61,75.65,34.91,37.79,35.95,31.11,31.27,99.61,1.0,Train,0.9999999834997276,1
QOW82867,Severe acute respiratory syndrome coronavirus 2],Homo sapiens,SARS-CoV-2,99.84,76.88,34.91,37.79,35.95,31.11,31.11,99.84,1.0,Train,0.9999999834997276,1
QKJ68545,Severe acute respiratory syndrome coronavirus 2],Homo sapiens,SARS-CoV-2,99.69,75.65,34.66,37.65,35.95,31.5,31.14,99.69,1.0,Train,0.9999999834997276,1
QKV42586,Severe acute respiratory syndrome coronavirus 2],Homo sapiens,SARS-CoV-2,99.61,75.65,34.72,37.52,35.68,30.85,31.05,99.61,1.0,Train,0.9999999834997276,1
QOQ08140,Severe acute respiratory syndrome coronavirus 2],Homo sapiens,SARS-CoV-2,99.45,75.65,34.91,37.79,35.95,31.11,31.27,99.45,1.0,Train,0.9999999804595628,1
QOQ72029,Severe acute respiratory syndrome coronavirus 2],Homo sapiens,SARS-CoV-2,99.53,75.57,34.91,37.79,35.95,31.11,31.27,99.53,1.0,Train,0.9999999834997276,1
QJI54323,Severe acute respiratory syndrome coronavirus 2],Homo sapiens,SARS-CoV-2,99.61,75.57,34.82,37.79,35.95,31.11,31.27,99.61,1.0,Train,0.9999999565294444,1
QJR90297,Severe acute respiratory syndrome coronavirus 2],Homo sapiens,SARS-CoV-2,99.21,75.57,34.51,37.52,35.68,30.98,30.4,99.21,1.0,Train,0.9999997783025384,1
QMS54359,Severe acute respiratory syndrome coronavirus 2],Homo sapiens,SARS-CoV-2,99.45,75.57,34.91,37.79,35.95,31.11,31.31,99.45,1.0,Train,0.9999999834997276,1
QOT63638,Severe acute respiratory syndrome coronavirus 2],Homo sapiens,SARS-CoV-2,99.53,75.57,34.82,37.79,35.95,31.11,31.31,99.53,1.0,Train,0.9999999804595628,1
QOQ10636,Severe acute respiratory syndrome coronavirus 2],Homo sapiens,SARS-CoV-2,99.29,75.57,34.91,37.79,35.95,31.24,31.44,99.29,1.0,Train,0.9999999804595628,1
QNO59951,Severe acute respiratory syndrome coronavirus 2],Homo sapiens,SARS-CoV-2,99.76,75.88,34.86,37.79,35.95,31.11,30.65,99.76,1.0,Test,0.9999999804595628,1
QOP83203,Severe acute respiratory syndrome coronavirus 2],Homo sapiens,SARS-CoV-2,99.45,75.57,34.88,37.79,35.95,30.98,30.52,99.45,1.0,Test,0.9999993701099524,1
QJX45271,Severe acute respiratory syndrome coronavirus 2],Homo sapiens,SARS-CoV-2,99.21,75.57,34.91,37.79,35.95,31.11,31.31,99.21,1.0,Train,0.9999999834997276,1
QKX65088,Severe acute respiratory syndrome coronavirus 2],Homo sapiens,SARS-CoV-2,99.45,75.57,34.82,37.65,35.95,31.24,31.27,99.45,1.0,Train,0.99999999409607,1
QOT51809,Severe acute respiratory syndrome coronavirus 2],Homo sapiens,SARS-CoV-2,99.29,75.49,34.69,37.79,35.95,31.11,31.31,99.29,1.0,Train,0.999996452140422,1
QMT93436,Severe acute respiratory syndrome coronavirus 2],Homo sapiens,SARS-CoV-2,99.45,75.49,34.82,37.52,35.68,30.98,31.14,99.45,1.0,Train,0.9999999834997276,1
QMI93482,Severe acute respiratory syndrome coronavirus 2],Homo sapiens,SARS-CoV-2,99.37,75.49,34.86,37.79,35.95,31.24,31.4,99.37,1.0,Train,0.9999999834997276,1
QOT56885,Severe acute respiratory syndrome coronavirus 2],Homo sapiens,SARS-CoV-2,99.29,75.41,34.91,37.79,35.95,31.11,31.31,99.29,1.0,Train,0.9999999992883176,1
QOW62720,Severe acute respiratory syndrome coronavirus 2],Homo sapiens,SARS-CoV-2,99.76,75.8,34.76,37.79,35.95,31.11,31.27,99.76,1.0,Train,0.9999999834997276,1
QNA41046,Severe acute respiratory syndrome coronavirus 2],Homo sapiens,SARS-CoV-2,99.37,75.41,34.91,37.79,35.95,31.11,31.27,99.37,1.0,Train,0.9999999834997276,1
QOQ03030,Severe acute respiratory syndrome coronavirus 2],Homo sapiens,SARS-CoV-2,99.14,75.41,34.72,37.79,35.95,31.11,31.31,99.14,1.0,Train,0.9999999804595628,1
QOT52985,Severe acute respiratory syndrome coronavirus 2],Homo sapiens,SARS-CoV-2,99.06,75.41,34.6,37.79,35.95,31.11,30.65,99.06,1.0,Test,0.9999857055886592,1
QOT58708,Severe acute respiratory syndrome coronavirus 2],Homo sapiens,SARS-CoV-2,99.29,75.41,35.01,37.38,35.81,30.98,31.18,99.29,1.0,Train,0.9999999804595628,1
MT799521,Pangolin coronavirus isolate cDNA8-S surface glycoprotein (S) gene,Pangolin,Sarbecovirus,90.5,77.05,32.96,37.57,35.82,31.01,30.14,90.5,1.0,Test,0.9999999983904108,1
QNO60239,Severe acute respiratory syndrome coronavirus 2],Homo sapiens,SARS-CoV-2,98.9,75.25,34.73,37.79,35.95,31.11,31.27,98.9,1.0,Train,0.9999999804595628,1
QNO62039,Severe acute respiratory syndrome coronavirus 2],Homo sapiens,SARS-CoV-2,98.98,75.25,34.76,37.79,35.95,31.11,31.27,98.98,1.0,Test,0.9999999804595628,1
MT799524,Pangolin coronavirus isolate cDNA18-S surface glycoprotein (S) gene,Pangolin,Sarbecovirus,90.5,77.05,33.14,37.7,35.82,30.88,30.14,90.5,1.0,Train,0.9999999983904108,1
MT799523,Pangolin coronavirus isolate cDNA16-S surface glycoprotein (S) gene,Pangolin,Sarbecovirus,90.42,76.97,32.88,37.57,35.82,31.01,30.14,90.42,1.0,Train,0.9999999983904108,1
QLG76853,Severe acute respiratory syndrome coronavirus 2],Homo sapiens,SARS-CoV-2,99.61,75.41,34.86,37.79,35.95,31.11,31.31,99.61,1.0,Test,0.9999999804595628,1
QNO87887,Severe acute respiratory syndrome coronavirus 2],Homo sapiens,SARS-CoV-2,98.66,75.25,34.76,37.79,35.95,31.24,31.23,98.66,1.0,Test,0.9999935307749312,1
QOQ17303,Severe acute respiratory syndrome coronavirus 2],Homo sapiens,SARS-CoV-2,99.06,75.18,34.91,37.79,35.95,31.05,31.3,99.06,1.0,Train,0.9999999997905524,1
QOP91923,Severe acute respiratory syndrome coronavirus 2],Homo sapiens,SARS-CoV-2,99.06,75.25,34.63,37.79,35.95,31.11,31.31,99.06,1.0,Train,0.9999999804595628,1
MT121216,Pangolin coronavirus isolate MP789,Pangolin,Sarbecovirus,90.5,76.97,32.96,37.57,35.82,31.01,30.14,90.5,1.0,Train,0.9999999989223696,1
QOQ20974,Severe acute respiratory syndrome coronavirus 2],Homo sapiens,SARS-CoV-2,98.27,75.35,35.0,37.79,35.95,31.11,31.11,98.27,1.0,Train,0.9999999804595628,1
QOE87532,Severe acute respiratory syndrome coronavirus 2],Homo sapiens,SARS-CoV-2,98.74,75.27,34.64,37.79,35.95,31.11,30.65,98.74,1.0,Train,0.9999999834997276,1
QOT60879,Severe acute respiratory syndrome coronavirus 2],Homo sapiens,SARS-CoV-2,99.29,75.49,34.7,37.79,35.95,31.11,31.31,99.29,1.0,Test,0.9999999804595628,1
QIQ49902,Severe acute respiratory syndrome coronavirus 2],Homo sapiens,SARS-CoV-2,98.9,75.1,34.53,37.24,35.27,30.85,30.88,98.9,1.0,Train,0.9999999834997276,1
QNO31892,Severe acute respiratory syndrome coronavirus 2],Homo sapiens,SARS-CoV-2,98.98,75.1,34.63,37.79,35.95,31.11,31.15,98.98,1.0,Train,0.9999999834997276,1
MZ190137,Bat SARS-like coronavirus Khosta-1 strain BtCoV/Khosta-1/Rh/Russia/2020,Bat,Sarbecovirus,72.22,75.63,33.31,37.32,36.12,34.23,30.37,75.63,1.0,Test,0.071622760335087,0
QJR93861,Severe acute respiratory syndrome coronavirus 2],Homo sapiens,SARS-CoV-2,98.59,75.02,34.61,37.79,35.95,30.98,31.31,98.59,1.0,Train,0.9999999834997276,1
QNO70919,Severe acute respiratory syndrome coronavirus 2],Homo sapiens,SARS-CoV-2,97.09,74.71,35.24,37.79,35.91,31.02,30.99,97.09,1.0,Train,0.9999999804595628,1
QOQ25447,Severe acute respiratory syndrome coronavirus 2],Homo sapiens,SARS-CoV-2,98.66,74.86,34.59,37.79,35.95,31.11,30.65,98.66,1.0,Train,0.999999968414878,1
QKV39839,Severe acute respiratory syndrome coronavirus 2],Homo sapiens,SARS-CoV-2,98.82,74.78,34.06,36.7,34.73,29.93,30.1,98.82,1.0,Train,0.9999999834997276,1
MG772934,Bat SARS-like coronavirus isolate bat-SL-CoVZXC21,Bat,Sarbecovirus,80.32,76.94,33.33,37.42,35.19,33.8,30.65,80.32,0.0,Train,0.0012980751181391,0
KY417145,Bat SARS-like coronavirus isolate Rf4092,Bat,Sarbecovirus,74.12,78.14,33.88,37.68,34.84,34.85,30.6,78.14,0.0,Train,0.0015996447998067,0
QKU53385,Severe acute respiratory syndrome coronavirus 2],Homo sapiens,SARS-CoV-2,97.96,74.0,35.24,37.45,35.56,30.79,30.94,97.96,1.0,Train,0.9999999834997276,1
QOQ14800,Severe acute respiratory syndrome coronavirus 2],Homo sapiens,SARS-CoV-2,98.43,74.78,34.63,37.79,35.95,31.11,31.31,98.43,1.0,Test,0.9999999997966093,1
QOP87676,Severe acute respiratory syndrome coronavirus 2],Homo sapiens,SARS-CoV-2,97.64,74.94,38.44,37.79,35.95,31.11,31.31,97.64,1.0,Train,0.9999974549949396,1
KU973692,UNVERIFIED: SARS-related coronavirus isolate F46,Bat,Sarbecovirus,74.28,78.22,33.79,37.68,34.63,34.47,30.43,78.22,0.0,Train,0.0015996447998067,0
QKG89666,Severe acute respiratory syndrome coronavirus 2],Homo sapiens,SARS-CoV-2,97.49,74.71,34.73,37.65,35.81,30.85,31.48,97.49,1.0,Test,0.9999999834997276,1
QKR84889,Severe acute respiratory syndrome coronavirus 2],Homo sapiens,SARS-CoV-2,98.04,74.63,33.96,37.79,35.95,31.11,31.27,98.04,1.0,Train,0.9999999834997276,1
QNE11828,Severe acute respiratory syndrome coronavirus 2],Homo sapiens,SARS-CoV-2,97.96,74.55,34.25,37.79,35.95,31.11,31.31,97.96,1.0,Train,0.9999999834997276,1
QJR92001,Severe acute respiratory syndrome coronavirus 2],Homo sapiens,SARS-CoV-2,97.8,74.71,34.16,37.79,35.95,31.11,31.27,97.8,1.0,Train,0.9999999834997276,1
QNP06211,Severe acute respiratory syndrome coronavirus 2],Homo sapiens,SARS-CoV-2,98.04,74.55,34.49,37.79,35.95,31.11,31.31,98.04,1.0,Test,0.9999999834997276,1
KY352407,Severe acute respiratory syndrome-related coronavirus strain BtKY72,Bat,Sarbecovirus,72.03,75.16,34.28,36.9,35.11,33.96,30.64,75.16,0.0,Train,0.1326243969271953,0
QJR94257,Severe acute respiratory syndrome coronavirus 2],Homo sapiens,SARS-CoV-2,98.11,74.47,34.06,37.79,35.95,31.11,31.27,98.11,1.0,Train,0.9999999834997276,1
QNS30281,Severe acute respiratory syndrome coronavirus 2],Homo sapiens,SARS-CoV-2,97.72,74.71,34.91,37.79,35.91,31.11,31.11,97.72,1.0,Train,0.9999999834997276,1
QLL35628,Severe acute respiratory syndrome coronavirus 2],Homo sapiens,SARS-CoV-2,97.96,74.47,34.49,37.79,35.95,31.11,30.65,97.96,1.0,Train,0.9999999834997276,1
QOQ03126,Severe acute respiratory syndrome coronavirus 2],Homo sapiens,SARS-CoV-2,97.8,74.47,34.15,37.79,35.95,31.11,31.15,97.8,1.0,Train,0.9999999804595628,1
QMT52129,Severe acute respiratory syndrome coronavirus 2],Homo sapiens,SARS-CoV-2,97.88,74.47,33.87,37.65,35.63,31.11,31.27,97.88,1.0,Train,0.9999999834997276,1
QOP79676,Severe acute respiratory syndrome coronavirus 2],Homo sapiens,SARS-CoV-2,97.8,74.47,33.87,37.79,35.95,31.11,31.15,97.8,1.0,Train,0.9999999834997276,1
QOQ16355,Severe acute respiratory syndrome coronavirus 2],Homo sapiens,SARS-CoV-2,97.8,74.39,34.53,37.79,35.95,31.11,31.31,97.8,1.0,Train,0.9999999999958727,1
QMT52693,Severe acute respiratory syndrome coronavirus 2],Homo sapiens,SARS-CoV-2,98.11,74.24,33.71,35.74,34.24,30.41,29.9,98.11,1.0,Train,0.9999999834997276,1
QKR84997,Severe acute respiratory syndrome coronavirus 2],Homo sapiens,SARS-CoV-2,97.8,74.31,34.5,37.79,35.95,31.11,30.65,97.8,1.0,Test,0.9999999834997276,1
QNN95641,Severe acute respiratory syndrome coronavirus 2],Homo sapiens,SARS-CoV-2,97.96,74.39,34.06,37.79,35.95,31.11,31.31,97.96,1.0,Test,0.9999999834997276,1
QNO87407,Severe acute respiratory syndrome coronavirus 2],Homo sapiens,SARS-CoV-2,97.01,74.55,41.76,37.79,35.95,31.11,31.31,97.01,1.0,Train,0.999999180371579,1
QNO67439,Severe acute respiratory syndrome coronavirus 2],Homo sapiens,SARS-CoV-2,97.72,74.31,34.5,37.79,35.95,31.11,31.31,97.72,1.0,Train,0.9999999804595628,1
QNO89087,Severe acute respiratory syndrome coronavirus 2],Homo sapiens,SARS-CoV-2,97.09,74.47,41.76,37.79,35.95,31.11,31.31,97.09,1.0,Train,0.9999992856481632,1
QOT53033,Severe acute respiratory syndrome coronavirus 2],Homo sapiens,SARS-CoV-2,97.64,74.39,33.96,37.79,35.95,31.11,31.11,97.64,1.0,Train,0.9999999804595628,1
NC_014470,Bat coronavirus BM48-31/BGR/2008,Bat,Sarbecovirus,71.66,75.22,38.6,36.81,36.04,33.73,30.38,75.22,0.0,Train,0.0066806257593559,0
QOP79569,Severe acute respiratory syndrome coronavirus 2],Homo sapiens,SARS-CoV-2,97.72,74.24,34.5,37.79,35.95,31.11,31.27,97.72,1.0,Train,0.9999999834997276,1
QNO93023,Severe acute respiratory syndrome coronavirus 2],Homo sapiens,SARS-CoV-2,97.56,74.16,34.1,37.79,35.95,31.11,31.27,97.56,1.0,Train,0.9999999804595628,1
MG772933,Bat SARS-like coronavirus isolate bat-SL-CoVZC45,Bat,Sarbecovirus,81.0,77.02,33.31,37.7,35.35,33.82,31.25,81.0,0.0,Test,0.0030744271659923,0
QOQ07865,Severe acute respiratory syndrome coronavirus 2],Homo sapiens,SARS-CoV-2,97.33,74.24,33.77,37.79,35.95,31.11,31.15,97.33,1.0,Train,0.9999999804595628,1
QNO31328,Severe acute respiratory syndrome coronavirus 2],Homo sapiens,SARS-CoV-2,97.49,74.08,33.94,37.79,35.95,31.11,31.27,97.49,1.0,Test,0.9999999834997276,1
QJR90321,Severe acute respiratory syndrome coronavirus 2],Homo sapiens,SARS-CoV-2,97.17,74.24,33.85,37.79,35.95,31.11,31.31,97.17,1.0,Train,0.9999999834997276,1
QNN95905,Severe acute respiratory syndrome coronavirus 2],Homo sapiens,SARS-CoV-2,97.41,73.92,34.34,37.79,35.95,31.11,31.31,97.41,1.0,Train,0.9999999834997276,1
QJA17432,Severe acute respiratory syndrome coronavirus 2],Homo sapiens,SARS-CoV-2,96.94,74.0,34.72,37.79,35.95,31.11,31.31,96.94,1.0,Train,0.9999998729397608,1
QOT55481,Severe acute respiratory syndrome coronavirus 2],Homo sapiens,SARS-CoV-2,97.09,73.84,34.57,37.79,35.95,31.11,31.31,97.09,1.0,Train,0.9999999804595628,1
QJC20475,Severe acute respiratory syndrome coronavirus 2],Homo sapiens,SARS-CoV-2,97.09,73.92,34.63,37.79,35.95,31.11,31.31,97.09,1.0,Train,0.999999735761248,1
KJ473811,BtRf-BetaCoV/JL2012,Bat,Sarbecovirus,72.76,75.73,39.68,37.5,35.18,34.39,33.79,75.73,0.0,Test,0.0030850294926024,0
QOQ14692,Severe acute respiratory syndrome coronavirus 2],Homo sapiens,SARS-CoV-2,96.86,73.77,38.44,37.79,35.95,31.11,31.31,96.86,1.0,Test,0.999999934939211,1
LC556375,Severe acute respiratory syndrome-related coronavirus Rc-o319 RNA,Bat,Sarbecovirus,76.48,76.45,33.78,38.0,36.5,34.57,29.87,76.48,0.0,Train,0.1904575202332603,0
QNA39319,Severe acute respiratory syndrome coronavirus 2],Homo sapiens,SARS-CoV-2,95.76,72.91,33.75,36.97,35.41,30.59,30.92,95.76,1.0,Train,0.9999988103952598,1
QJR91785,Severe acute respiratory syndrome coronavirus 2],Homo sapiens,SARS-CoV-2,95.52,72.75,34.45,37.79,35.95,31.11,31.31,95.52,1.0,Train,0.9999999834997276,1
QNO31244,Severe acute respiratory syndrome coronavirus 2],Homo sapiens,SARS-CoV-2,95.37,72.67,34.45,37.79,35.95,31.11,31.31,95.37,1.0,Train,0.9999999834997276,1
QOQ27975,Severe acute respiratory syndrome coronavirus 2],Homo sapiens,SARS-CoV-2,95.05,72.67,38.44,37.79,35.95,31.11,31.31,95.05,1.0,Train,0.9999999998426428,1
AY559091,SARS coronavirus SinP4,Homo sapiens,SARS-CoV-1,68.16,99.77,30.13,29.87,28.47,30.65,25.66,99.77,1.0,Train,0.9412225221364772,1
QJR93885,Severe acute respiratory syndrome coronavirus 2],Homo sapiens,SARS-CoV-2,95.13,84.14,34.45,37.79,35.95,31.11,30.65,95.13,1.0,Test,0.9999999834997276,1
AY613953,SARS coronavirus GZ0403 spike glycoprotein gene,Homo sapiens,SARS-CoV-1,86.51,98.7,37.85,37.15,34.79,34.8,30.84,98.7,1.0,Train,0.948617425382624,1
